Rk,Year,Lg,Rd,Pk,Tm,Player,Age,Pos,Born,College,From,To,G,MP,PTS,TRB,AST,STL,BLK,FG%,2P%,3P%,FT%,WS,WS/48
1,2007,NBA,1,2,SEA,Kevin Durant,18.276,F-G,us,Texas,2008,2019,849,36.9,27,7.1,4.1,1.1,1.1,0.493,0.532,0.381,0.883,141.7,0.217
2,2009,NBA,1,3,OKC,James Harden,19.308,G,us,Arizona State,2010,2020,816,34.3,25,5.3,6.3,1.6,0.5,0.443,0.508,0.364,0.858,131.9,0.226
3,2009,NBA,1,7,GSW,Stephen Curry,21.108,G,us,Davidson,2010,2020,698,34.3,23.5,4.5,6.6,1.7,0.2,0.476,0.515,0.435,0.905,103.1,0.206
4,2008,NBA,1,4,SEA,Russell Westbrook,19.231,G,us,UCLA,2009,2020,866,34.6,23.2,7.1,8.3,1.7,0.3,0.436,0.468,0.304,0.801,100.5,0.161
5,2007,NBA,1,3,ATL,Al Horford,21.03,C-F,do,Florida,2008,2020,836,32.7,14,8.3,3.3,0.8,1.2,0.52,0.544,0.361,0.753,89.8,0.158
6,2008,NBA,2,35,LAC,DeAndre Jordan,19.345,C,us,Texas A&M,2009,2020,864,27.8,9.5,10.8,0.9,0.6,1.6,0.67,0.671,0.091,0.473,87.6,0.175
7,2007,NBA,2,48,LAL,Marc Gasol,22.155,C,es,,2009,2020,830,33.2,14.7,7.6,3.4,0.9,1.4,0.482,0.498,0.356,0.777,82.2,0.143
8,2008,NBA,1,5,MEM,Kevin Love,19.297,F,us,UCLA,2009,2020,703,32,18.2,11.2,2.4,0.7,0.5,0.443,0.48,0.371,0.828,81.3,0.174
9,2012,NBA,1,1,NOH,Anthony Davis,19.114,F-C,us,Kentucky,2013,2020,512,34.6,24,10.4,2.2,1.4,2.4,0.517,0.536,0.315,0.801,80.8,0.219
10,2012,NBA,1,6,POR,Damian Lillard,21.354,G,us,Weber State,2013,2020,603,36.3,24.1,4.2,6.5,1,0.3,0.436,0.484,0.371,0.889,79.6,0.174
11,2009,NBA,1,1,LAC,Blake Griffin,20.106,F,us,Oklahoma,2011,2020,622,34.8,21.7,8.8,4.4,0.9,0.5,0.498,0.521,0.333,0.694,75.3,0.167
12,2011,NBA,1,30,CHI,Jimmy Butler,21.287,F-G,us,Marquette,2012,2020,569,33.1,17,5.1,3.7,1.6,0.5,0.454,0.487,0.334,0.835,73.6,0.188
13,2007,NBA,1,4,MEM,Mike Conley,19.265,G,us,Ohio State,2008,2020,820,32.4,14.8,3,5.7,1.4,0.2,0.439,0.468,0.375,0.818,72.8,0.131
14,2011,NBA,1,15,IND,Kawhi Leonard,19.364,F,us,San Diego State,2012,2020,509,31,18.4,6.4,2.6,1.8,0.7,0.491,0.533,0.382,0.854,71.7,0.218
15,2010,NBA,1,10,IND,Paul George,20.058,F,us,Fresno State,2011,2020,638,33.6,19.9,6.4,3.3,1.7,0.4,0.433,0.47,0.379,0.847,68.2,0.153
16,2008,NBA,1,24,SEA,Serge Ibaka,18.286,F-C,cg,,2010,2020,797,28.6,12.6,7.3,0.8,0.4,2.1,0.515,0.548,0.361,0.759,67.4,0.142
17,2009,NBA,1,9,TOR,DeMar DeRozan,19.327,G-F,us,USC,2010,2020,804,34.2,20.1,4.3,3.5,1,0.3,0.457,0.475,0.283,0.829,65.9,0.115
18,2008,NBA,1,26,SAS,George Hill,22.059,G,us,IUPUI,2009,2020,770,27.8,11.2,3.1,3.2,0.9,0.3,0.457,0.499,0.385,0.802,64.3,0.144
19,2008,NBA,1,10,NJN,Brook Lopez,20.091,C,us,Stanford,2009,2020,769,30.6,16.9,6.4,1.5,0.6,1.8,0.495,0.522,0.339,0.792,64.1,0.13
20,2013,NBA,1,15,MIL,Giannis Antetokounmpo,18.208,F-G,gr,,2014,2020,513,32.6,19.8,8.8,4.3,1.2,1.3,0.525,0.565,0.285,0.723,62.1,0.179
21,2007,NBA,1,9,CHI,Joakim Noah,22.128,C,us,Florida,2008,2019,667,27.9,8.8,9.1,2.8,0.8,1.3,0.491,0.493,0,0.7,61.8,0.16
22,2013,NBA,1,27,DEN,Rudy Gobert,21.006,C,fr,,2014,2020,458,29.4,11.6,11,1.4,0.7,2.2,0.637,0.638,0,0.628,61.6,0.22
23,2011,NBA,1,1,CLE,Kyrie Irving,19.096,G,au,Duke,2012,2020,528,33.8,22.4,3.7,5.7,1.3,0.4,0.466,0.499,0.39,0.877,61.4,0.165
24,2007,NBA,1,12,PHI,Thaddeus Young,19.011,F,us,Georgia Tech,2008,2020,955,30.4,13.2,5.9,1.7,1.4,0.4,0.498,0.523,0.33,0.67,60.8,0.101
25,2012,NBA,1,9,DET,Andre Drummond,18.327,C,us,UConn,2013,2020,593,31.1,14.4,13.9,1.3,1.4,1.6,0.541,0.547,0.14,0.46,60.6,0.158
26,2008,NBA,1,6,NYK,Danilo Gallinari,19.327,F,it,,2009,2020,596,31,16.2,4.9,2.1,0.8,0.4,0.427,0.466,0.38,0.873,55.6,0.144
27,2008,NBA,1,25,HOU,Nicolas Batum,19.199,F-G,fr,,2009,2020,789,31.3,11.6,5.2,3.8,0.9,0.6,0.434,0.503,0.357,0.841,54.7,0.106
28,2011,NBA,1,9,CHA,Kemba Walker,21.051,G,us,UConn,2012,2020,651,33.9,20,3.8,5.4,1.3,0.4,0.419,0.453,0.361,0.837,54.1,0.117
29,2008,NBA,2,45,SAS,Goran Dragi_,22.057,G,si,,2009,2020,801,28,13.9,3,4.8,1,0.2,0.465,0.507,0.365,0.762,53.5,0.114
30,2010,NBA,1,3,NJN,Derrick Favors,18.349,F-C,us,Georgia Tech,2011,2020,668,25.6,11.5,7.3,1.1,0.8,1.3,0.529,0.539,0.209,0.663,52.4,0.147
31,2010,NBA,1,9,UTA,Gordon Hayward,20.098,F-G,us,Butler,2011,2020,626,30.8,15.2,4.3,3.4,1,0.4,0.45,0.488,0.366,0.823,52.2,0.13
32,2009,NBA,1,26,CHI,Taj Gibson,24.007,F,us,USC,2010,2020,789,25.3,9.6,6.3,1,0.6,1.1,0.514,0.52,0.217,0.709,51.8,0.125
33,2009,NBA,1,19,ATL,Jeff Teague,21.02,G,us,Wake Forest,2010,2020,760,27.6,12.6,2.5,5.8,1.2,0.3,0.445,0.473,0.356,0.844,50.7,0.116
34,2015,NBA,1,1,MIN,Karl-Anthony Towns,19.227,C-F,us,Kentucky,2016,2020,358,34.4,22.7,11.8,2.8,0.8,1.5,0.534,0.573,0.396,0.831,50.7,0.198
35,2011,NBA,1,5,TOR,Jonas Valan_i_nas,19.052,C,lt,,2013,2020,540,25.2,12.3,8.7,0.9,0.4,1.1,0.562,0.57,0.364,0.781,50.1,0.176
36,2009,NBA,1,21,NOH,Darren Collison,21.312,G,us,UCLA,2010,2019,708,29.4,12.5,2.7,5,1.2,0.1,0.471,0.495,0.394,0.853,49.9,0.115
37,2010,NBA,1,7,DET,Greg Monroe,20.025,C-F,us,Georgetown,2011,2019,632,27.7,13.2,8.3,2.1,1.1,0.6,0.514,0.515,0.059,0.704,49.7,0.136
38,2014,NBA,2,41,DEN,Nikola Joki_,19.132,C-F,rs,,2016,2020,363,28.9,16.9,9.7,5.4,1.1,0.7,0.522,0.572,0.342,0.825,46.9,0.214
39,2011,NBA,1,11,GSW,Klay Thompson,21.14,G-F,us,Washington State,2012,2019,615,33.1,19.5,3.5,2.3,0.9,0.5,0.459,0.491,0.419,0.848,46.8,0.11
40,2008,NBA,1,21,NJN,Ryan Anderson,20.056,F,us,California,2009,2020,649,25.8,12.3,5.3,0.9,0.5,0.3,0.422,0.47,0.38,0.854,46.7,0.134
41,2011,NBA,1,16,PHI,Nikola Vu_evi_,20.247,C,ch,USC,2012,2020,580,30.2,15.9,10.2,2.5,0.9,0.9,0.498,0.515,0.336,0.744,46.1,0.126
42,2011,NBA,2,60,SAC,Isaiah Thomas,22.141,G,us,Washington,2012,2020,525,28.9,18.1,2.5,5,0.9,0.1,0.436,0.482,0.364,0.872,45.3,0.143
43,2012,NBA,2,35,GSW,Draymond Green,22.122,F,us,Michigan State,2013,2020,574,28.2,9,6.9,5,1.4,1.1,0.435,0.506,0.32,0.71,44.5,0.132
44,2008,NBA,1,15,PHO,Robin Lopez,20.091,C,us,Stanford,2009,2020,816,22.5,8.8,5.1,0.8,0.2,1.2,0.529,0.535,0.254,0.751,44.3,0.116
45,2010,NBA,1,1,WAS,John Wall,19.296,G,us,Kentucky,2011,2019,573,35.9,19,4.3,9.2,1.7,0.7,0.433,0.457,0.324,0.781,44.3,0.104
46,2008,NBA,1,9,CHA,D.J. Augustin,20.234,G,us,Texas,2009,2020,846,24.2,9.9,1.9,4,0.6,0,0.412,0.438,0.38,0.864,44.2,0.104
47,2011,NBA,1,19,CHA,Tobias Harris,18.347,F,us,Tennessee,2012,2020,601,30.7,15.8,6,2,0.7,0.5,0.471,0.513,0.364,0.82,44.2,0.115
48,2010,NBA,1,5,SAC,DeMarcus Cousins,19.32,C-F,us,Kentucky,2011,2019,565,32,21.2,10.9,3.2,1.4,1.2,0.461,0.477,0.332,0.737,44.1,0.117
49,2013,NBA,1,12,OKC,Steven Adams,19.347,C,nz,Pitt,2014,2020,516,26.8,9.8,7.6,1.2,0.9,1,0.588,0.589,0.1,0.557,43.7,0.152
50,2010,NBA,2,33,SAC,Hassan Whiteside,21.016,C,us,Marshall,2011,2020,394,26.6,13.7,11.7,0.7,0.6,2.4,0.579,0.581,0.273,0.608,43.5,0.199
51,2011,NBA,1,3,UTA,Enes Kanter,19.038,C,ch,,2012,2020,625,22,11.7,7.6,0.9,0.4,0.5,0.543,0.55,0.287,0.776,43.2,0.151
52,2007,NBA,1,22,CHA,Jared Dudley,21.358,F-G,us,Boston College,2008,2020,883,22.6,7.5,3.2,1.6,0.8,0.2,0.464,0.517,0.394,0.732,42.7,0.103
53,2011,NBA,1,4,CLE,Tristan Thompson,20.107,F-C,ca,Texas,2012,2020,612,28.1,9.4,8.7,1,0.5,0.7,0.518,0.519,0.304,0.612,42.7,0.119
54,2009,NBA,1,18,MIN,Ty Lawson,21.24,G,us,UNC,2010,2017,551,29.2,12.7,2.7,6,1.2,0.1,0.46,0.493,0.359,0.77,42.1,0.126
55,2009,NBA,2,46,CLE,Danny Green,22.009,G-F,us,UNC,2010,2020,672,25.4,9,3.5,1.6,1,0.8,0.424,0.461,0.402,0.81,42.1,0.119
56,2010,NBA,1,13,TOR,Ed Davis,21.024,F,us,UNC,2011,2020,665,19.9,6.3,6.7,0.8,0.5,0.8,0.568,0.568,0,0.583,41.7,0.152
57,2009,NBA,1,17,PHI,Jrue Holiday,19.018,G,us,UCLA,2010,2020,698,33.2,15.8,3.9,6.4,1.5,0.5,0.452,0.486,0.354,0.779,41.6,0.086
58,2010,NBA,1,18,OKC,Eric Bledsoe,20.202,G,us,Kentucky,2011,2020,616,27.8,14.2,4,4.8,1.4,0.5,0.457,0.506,0.336,0.796,41.6,0.116
59,2007,NBA,1,5,BOS,Jeff Green,20.309,F,us,Georgetown,2008,2020,890,29.6,13,4.4,1.6,0.7,0.5,0.44,0.482,0.333,0.805,40.9,0.074
60,2012,NBA,1,3,WAS,Bradley Beal,19.005,G,us,Florida,2013,2020,534,34.5,20.6,4,3.9,1.1,0.4,0.452,0.493,0.377,0.805,40.4,0.105
61,2008,NBA,1,1,CHI,Derrick Rose,19.27,G,us,Memphis,2009,2020,591,32.6,18.8,3.4,5.6,0.8,0.3,0.456,0.485,0.304,0.826,39.8,0.099
62,2008,NBA,1,22,ORL,Courtney Lee,22.272,G,us,Western Kentucky,2009,2020,801,27.1,9.6,2.6,1.7,1,0.3,0.451,0.484,0.388,0.853,39.1,0.086
63,2011,NBA,1,22,DEN,Kenneth Faried,21.221,F,us,Morehead State University,2012,2019,478,24.5,11.4,8.1,1,0.7,0.8,0.546,0.55,0.222,0.654,38.8,0.159
64,2012,NBA,2,39,DET,Khris Middleton,20.326,F-G,us,Texas A&M,2013,2020,502,31.5,16.1,4.6,3.3,1.3,0.2,0.457,0.49,0.394,0.873,37.4,0.114
65,2014,NBA,1,25,HOU,Clint Capela,20.044,C,ch,,2015,2020,334,26,12.2,9.7,1,0.7,1.5,0.634,0.635,0,0.526,36.4,0.201
66,2007,NBA,2,31,SEA,Carl Landry,23.288,F,us,Purdue,2008,2016,513,22.5,10.8,4.9,0.7,0.4,0.4,0.535,0.537,0.3,0.785,35.9,0.149
67,2008,NBA,1,17,TOR,Roy Hibbert,21.203,C,us,Georgetown,2009,2017,662,24.8,10,6.3,1.3,0.4,1.7,0.465,0.466,0.25,0.755,35.9,0.105
68,2008,NBA,1,18,WAS,JaVale McGee,20.164,C,us,Nevada,2009,2020,684,17.3,7.9,5.1,0.4,0.4,1.6,0.574,0.578,0.152,0.591,35.8,0.145
69,2009,NBA,1,5,MIN,Ricky Rubio,18.252,G,es,,2012,2020,545,30.9,11.2,4.2,7.7,1.9,0.1,0.389,0.415,0.324,0.838,34.9,0.099
70,2008,NBA,1,7,LAC,Eric Gordon,19.188,G,us,Indiana,2009,2020,657,32.9,16.6,2.5,2.9,0.9,0.3,0.426,0.475,0.371,0.81,34.4,0.076
71,2007,NBA,1,27,DET,Arron Afflalo,21.261,G-F,us,UCLA,2008,2018,762,27.3,10.8,2.9,1.8,0.4,0.2,0.45,0.481,0.386,0.825,33.5,0.077
72,2013,NBA,1,22,BRK,Mason Plumlee,23.12,C-F,us,Duke,2014,2020,514,21.7,8.4,6.3,2.2,0.8,0.9,0.573,0.578,0.065,0.564,33.5,0.144
73,2012,NBA,1,7,GSW,Harrison Barnes,20.034,F,us,UNC,2013,2020,594,31.1,13.6,4.9,1.6,0.7,0.2,0.446,0.477,0.373,0.796,33,0.086
74,2008,NBA,2,34,MIN,Mario Chalmers,22.044,G,us,Kansas,2009,2018,646,26.7,8.9,2.5,3.7,1.5,0.2,0.417,0.475,0.351,0.793,32.3,0.09
75,2012,NBA,2,34,CLE,Jae Crowder,21.363,F,us,Marquette,2013,2020,591,24.6,9.5,4.1,1.5,1,0.3,0.42,0.514,0.336,0.78,31,0.102
76,2013,NBA,1,10,POR,CJ McCollum,21.287,G,us,Lehigh,2014,2020,463,30.6,18.2,3.2,3,0.9,0.4,0.454,0.482,0.398,0.83,30.3,0.102
77,2010,NBA,1,14,HOU,Patrick Patterson,21.107,F,us,Kentucky,2011,2020,667,21.2,6.8,4,1,0.5,0.4,0.448,0.5,0.368,0.752,30.1,0.102
78,2007,NBA,1,18,GSW,Marco Belinelli,21.1,G-F,it,,2008,2020,850,22.8,9.7,2.1,1.7,0.6,0.1,0.423,0.465,0.375,0.845,30,0.074
79,2011,NBA,1,14,HOU,Marcus Morris,21.299,F,us,Kansas,2012,2020,591,27,12.1,4.7,1.5,0.7,0.3,0.432,0.473,0.369,0.758,30,0.09
80,2009,NBA,1,10,MIL,Brandon Jennings,19.28,G,us,,2010,2018,555,30.3,14.1,3,5.7,1.2,0.2,0.387,0.412,0.345,0.796,29.9,0.085
81,2009,NBA,2,55,POR,Patty Mills,20.323,G,au,Saint Mary's,2010,2020,659,19.3,8.7,1.7,2.3,0.7,0.1,0.431,0.481,0.391,0.846,29.8,0.112
82,2013,NBA,1,3,WAS,Otto Porter,20.029,F,us,Georgetown,2014,2020,408,26.9,11,5,1.5,1.2,0.4,0.482,0.527,0.405,0.791,29.6,0.129
83,2009,NBA,1,27,MEM,DeMarre Carroll,22.339,F,us,Missouri,2010,2020,569,23.8,9,4.3,1.3,0.9,0.3,0.43,0.484,0.359,0.74,29.2,0.104
84,2007,NBA,1,23,NYK,Wilson Chandler,20.054,F,us,DePaul,2008,2020,666,30.1,12.6,5.3,1.8,0.7,0.6,0.444,0.497,0.342,0.77,29,0.069
85,2011,NBA,2,38,HOU,Chandler Parsons,22.246,F,us,Florida,2012,2020,440,30.1,12.7,4.5,2.7,0.9,0.3,0.462,0.521,0.373,0.713,28.9,0.105
86,2007,NBA,2,56,MIL,Ramon Sessions,21.083,G,us,Nevada,2008,2018,691,23.3,10.3,2.7,4.1,0.7,0.1,0.434,0.45,0.316,0.791,28.8,0.086
87,2007,NBA,1,15,DET,Rodney Stuckey,21.073,G,us,Eastern Washington,2008,2017,651,27.5,12.6,2.9,3.6,0.9,0.1,0.423,0.442,0.3,0.824,28.7,0.077
88,2011,NBA,1,24,OKC,Reggie Jackson,21.073,G,it,Boston College,2012,2020,544,25.3,12.9,3,4.4,0.7,0.1,0.427,0.468,0.335,0.857,28.7,0.1
89,2009,NBA,1,4,SAC,Tyreke Evans,19.284,G-F,us,Memphis,2010,2019,594,30.7,15.7,4.6,4.8,1.2,0.4,0.44,0.468,0.323,0.757,28.4,0.075
90,2008,NBA,1,23,UTA,Kosta Koufos,19.127,C,us,Ohio State,2009,2019,686,16.4,5.7,5,0.5,0.4,0.7,0.534,0.535,0,0.582,28.3,0.12
91,2009,NBA,2,42,LAL,Patrick Beverley,20.353,G,us,Arkansas,2013,2020,420,28.3,9,4.4,3.5,1.2,0.5,0.414,0.458,0.378,0.761,27.8,0.112
92,2010,NBA,1,8,LAC,Al-Farouq Aminu,19.281,F,us,Wake Forest,2011,2020,688,25.1,7.6,6.1,1.2,1,0.6,0.421,0.467,0.335,0.745,27.5,0.077
93,2013,NBA,1,13,DAL,Kelly Olynyk,22.075,C-F,ca,Gonzaga,2014,2020,481,21.4,9.7,4.9,1.8,0.7,0.4,0.476,0.55,0.369,0.773,27.3,0.127
94,2013,NBA,1,8,DET,Kentavious Caldwell-Pope,20.134,G,us,Georgia,2014,2020,523,29.3,11.7,3.2,1.6,1.1,0.2,0.417,0.475,0.35,0.8,27.2,0.085
95,2013,NBA,1,4,CHA,Cody Zeller,20.27,C-F,us,Indiana,2014,2020,411,22.9,8.6,5.9,1.4,0.7,0.7,0.511,0.522,0.25,0.733,27,0.137
96,2013,NBA,1,21,UTA,Gorgui Dieng,23.166,C,sn,Louisville,2014,2020,499,22.1,7.9,6.2,1.4,0.8,1,0.5,0.517,0.352,0.79,26.7,0.116
97,2007,NBA,1,8,CHA,Brandan Wright,19.271,F-C,us,UNC,2008,2018,428,16.2,7,3.6,0.5,0.5,1,0.607,0.61,0,0.674,26.2,0.181
98,2010,NBA,1,23,MIN,Trevor Booker,22.217,F,us,Clemson,2011,2018,532,20.4,6.9,5.5,1.1,0.7,0.5,0.515,0.534,0.305,0.636,26.2,0.116
99,2014,NBA,2,45,CHH,Dwight Powell,22.347,F-C,ca,Stanford,2015,2020,371,18.7,7.7,4.6,1,0.7,0.5,0.563,0.625,0.293,0.739,26.1,0.18
100,2008,NBA,2,37,MIL,Luc Mbah a Moute,21.296,F,cm,UCLA,2009,2019,686,23.3,6.4,4.1,0.9,0.9,0.4,0.454,0.478,0.335,0.66,26,0.078
101,2008,NBA,1,16,PHI,Marreese Speights,20.332,C-F,us,Florida,2009,2018,705,15.1,7.9,4.1,0.7,0.3,0.5,0.459,0.475,0.356,0.797,25.8,0.116
102,2009,NBA,2,39,DET,Jonas Jerebko,22.121,F,se,,2010,2019,635,17.8,6.2,4,0.8,0.5,0.2,0.457,0.507,0.363,0.77,25.8,0.109
103,2007,NBA,1,28,SAS,Tiago Splitter,22.183,F-C,br,,2011,2017,355,19.2,7.9,5,1.2,0.6,0.6,0.555,0.558,0.143,0.697,25.3,0.178
104,2011,NBA,1,7,SAC,Bismack Biyombo,18.303,C-F,cd,,2012,2020,628,20.2,5.1,6.2,0.5,0.3,1.3,0.52,0.52,0,0.575,25,0.094
105,2015,NBA,1,11,IND,Myles Turner,19.097,C-F,us,Texas,2016,2020,325,28.2,12.7,6.6,1.2,0.7,2,0.489,0.523,0.358,0.77,25,0.131
106,2009,NBA,2,33,POR,Dante Cunningham,22.07,F,us,Villanova,2010,2019,715,20.8,5.8,3.7,0.7,0.6,0.5,0.469,0.494,0.345,0.649,24.9,0.08
107,2011,NBA,1,13,PHO,Markieff Morris,21.299,F,us,Kansas,2012,2020,623,25.7,11.6,5.4,1.7,0.9,0.6,0.449,0.482,0.345,0.778,24.9,0.074
108,2015,NBA,2,32,HOU,Montrezl Harrell,21.155,F-C,us,Louisville,2016,2020,309,20.8,12.6,4.9,1.3,0.6,0.9,0.614,0.624,0.104,0.63,24.9,0.186
109,2016,NBA,1,1,PHI,Ben Simmons,19.343,G-F,au,LSU,2018,2020,213,34.5,16.5,8.3,8,1.7,0.8,0.561,0.565,0.087,0.595,24.7,0.161
110,2009,NBA,2,41,MIL,Jodie Meeks,21.314,G,us,Kentucky,2010,2019,539,22.5,9.3,2.1,1.1,0.8,0.1,0.42,0.471,0.373,0.879,24.3,0.096
111,2009,NBA,1,16,CHI,James Johnson,22.131,F,us,Wake Forest,2010,2020,623,20.6,7.9,3.6,2.1,0.8,0.9,0.476,0.531,0.309,0.692,24,0.09
112,2013,NBA,1,2,ORL,Victor Oladipo,21.059,G,us,Indiana,2014,2020,409,33.1,17.4,4.6,3.9,1.7,0.5,0.441,0.481,0.349,0.793,24,0.085
113,2008,NBA,1,12,SAC,Jason Thompson,21.346,F-C,us,Rider University,2009,2016,588,25.2,8.9,6.6,1.1,0.5,0.7,0.496,0.5,0.143,0.657,23.8,0.077
114,2012,NBA,1,12,HOU,Jeremy Lamb,20.034,G-F,us,UConn,2013,2020,479,21.2,10.5,3.7,1.6,0.7,0.4,0.445,0.501,0.34,0.852,23.4,0.111
115,2011,NBA,1,29,SAS,Cory Joseph,19.312,G,ca,Texas,2012,2020,582,21.8,6.9,2.6,2.9,0.8,0.2,0.441,0.475,0.329,0.764,23.3,0.088
116,2012,NBA,1,20,DEN,Evan Fournier,19.247,G-F,fr,,2013,2020,511,28.4,14,2.8,2.6,0.8,0.1,0.448,0.499,0.376,0.808,23.2,0.077
117,2007,NBA,1,10,SAC,Spencer Hawes,19.065,C-F,us,Washington,2008,2017,684,22.7,8.7,5.7,1.9,0.4,1,0.457,0.482,0.35,0.716,22.6,0.07
118,2011,NBA,2,31,MIA,Bojan Bogdanovi_,22.071,G-F,ba,,2015,2020,452,28.4,14.2,3.5,1.5,0.6,0.1,0.462,0.514,0.395,0.855,22.6,0.084
119,2007,NBA,1,7,MIN,Corey Brewer,21.12,F-G,us,Florida,2008,2019,814,23,8.7,2.8,1.5,1.3,0.3,0.425,0.48,0.284,0.713,22.5,0.058
120,2008,NBA,1,19,CLE,J.J. Hickson,19.3,F-C,us,NC State,2009,2016,534,22.3,9.5,6.8,0.8,0.5,0.6,0.505,0.508,0,0.617,21.9,0.088
121,2008,NBA,1,3,MIN,O.J. Mayo,20.239,G,us,USC,2009,2016,547,30.9,13.8,3.1,2.9,1,0.3,0.429,0.459,0.373,0.82,21.8,0.062
122,2014,NBA,1,3,PHI,Joel Embiid,20.107,C,cm,Kansas,2017,2020,197,30.7,24,11.5,3.2,0.7,1.8,0.478,0.523,0.319,0.792,21.7,0.172
123,2014,NBA,2,39,PHI,Jerami Grant,20.111,F,us,Syracuse,2015,2020,437,24.4,9.1,3.9,1,0.6,1.1,0.462,0.521,0.345,0.663,21.7,0.098
124,2012,NBA,1,15,PHI,Maurice Harkless,19.053,F-G,us,St. John's,2013,2020,526,23,7.2,3.7,0.9,1,0.7,0.478,0.547,0.325,0.612,21.4,0.085
125,2012,NBA,1,2,CHA,Michael Kidd-Gilchrist,18.28,F,us,Kentucky,2013,2020,433,25.1,8.6,5.5,1.2,0.7,0.7,0.475,0.481,0.28,0.715,21.1,0.093
126,2008,NBA,2,36,POR,Ömer A_ık,21.363,C,tr,,2011,2018,471,19.6,5.3,7.1,0.6,0.4,0.7,0.528,0.528,0,0.551,20.9,0.109
127,2011,NBA,1,23,HOU,Nikola Miroti_,20.137,F,me,,2015,2019,319,24.2,12.3,5.9,1.3,0.8,0.7,0.423,0.502,0.359,0.808,20.8,0.129
128,2012,NBA,1,8,TOR,Terrence Ross,21.149,F-G,us,Washington,2013,2020,545,24.5,10.8,2.8,1.1,0.8,0.3,0.419,0.477,0.367,0.823,20.8,0.075
129,2013,NBA,1,6,NOH,Nerlens Noel,19.083,C-F,us,Kentucky,2015,2020,346,22.3,8.1,6.3,1.2,1.3,1.4,0.538,0.539,0.286,0.649,20.8,0.13
130,2012,NBA,2,40,POR,Will Barton,21.179,G,us,Memphis,2013,2020,486,24.3,11,4.2,2.5,0.7,0.4,0.433,0.479,0.347,0.785,20.5,0.083
131,2014,NBA,1,4,ORL,Aaron Gordon,18.288,F,us,Arizona,2015,2020,390,28.4,12.7,6.3,2.3,0.8,0.6,0.447,0.507,0.319,0.702,20.5,0.089
132,2012,NBA,1,14,MIL,John Henson,21.188,C-F,us,UNC,2013,2020,437,19.7,7.6,5.3,1.1,0.5,1.5,0.539,0.548,0.24,0.57,20.4,0.114
133,2009,NBA,1,13,IND,Tyler Hansbrough,23.24,F,us,UNC,2010,2016,428,16.9,6.7,4.2,0.4,0.5,0.2,0.439,0.442,0.136,0.738,20.2,0.134
134,2010,NBA,1,2,PHI,Evan Turner,21.245,G,us,Ohio State,2011,2020,705,26.9,9.7,4.6,3.5,0.8,0.3,0.434,0.458,0.294,0.782,20.2,0.051
135,2015,NBA,1,6,SAC,Willie Cauley-Stein,21.316,F-C,us,Kentucky,2016,2020,345,23.6,9.7,6.3,1.6,0.9,0.8,0.538,0.541,0.211,0.612,20.2,0.119
136,2009,NBA,2,43,MIA,Marcus Thornton,22.026,G,us,LSU,2010,2017,483,23.4,11.9,2.8,1.4,0.8,0.1,0.425,0.471,0.358,0.83,20,0.085
137,2014,NBA,1,7,LAL,Julius Randle,19.214,F-C,us,Kentucky,2015,2020,364,29.1,16,9,2.8,0.7,0.5,0.493,0.522,0.291,0.72,19.7,0.089
138,2009,NBA,1,23,SAC,Omri Casspi,21.008,F,il,,2010,2019,588,20.3,7.9,4,1.1,0.6,0.2,0.454,0.502,0.368,0.678,19.6,0.078
139,2016,NBA,1,27,TOR,Pascal Siakam,22.088,F,cm,New Mexico State,2017,2020,260,25.5,12.3,5.5,2.2,0.8,0.7,0.506,0.563,0.331,0.763,19.6,0.142
140,2014,NBA,1,6,BOS,Marcus Smart,20.117,G,us,Oklahoma State,2015,2020,384,28.8,9.7,3.5,4,1.6,0.4,0.374,0.435,0.317,0.771,19.5,0.085
141,2015,NBA,1,27,LAL,Larry Nance,22.18,F-C,us,Wyoming,2016,2020,304,23.2,8,6.6,1.7,1.2,0.5,0.537,0.576,0.319,0.696,19.3,0.132
142,2016,NBA,1,11,ORL,Domantas Sabonis,20.056,F-C,us,Gonzaga,2017,2020,281,25.2,11.9,7.8,2.5,0.6,0.4,0.521,0.545,0.317,0.723,19.3,0.131
143,2007,NBA,1,26,HOU,Aaron Brooks,22.17,G,us,Oregon,2008,2018,645,20.8,9.7,1.7,3,0.6,0.1,0.413,0.442,0.37,0.837,19.2,0.069
144,2009,NBA,2,37,SAS,DeJuan Blair,20.069,F-C,us,Pitt,2010,2016,424,16.6,6.8,5.1,0.8,0.7,0.3,0.524,0.526,0,0.608,19,0.129
145,2008,NBA,2,31,MIN,Nikola Pekovi_,22.18,C,me,,2011,2016,271,24.9,12.6,6.7,0.7,0.5,0.6,0.518,0.518,,0.76,18.8,0.134
146,2007,NBA,1,16,WAS,Nick Young,22.032,G-F,us,USC,2008,2019,720,22.8,11.4,2,1,0.5,0.2,0.418,0.446,0.376,0.836,18.6,0.054
147,2007,NBA,2,35,SEA,Glen Davis,21.183,F-C,us,LSU,2008,2015,514,21.1,8,4.4,0.9,0.7,0.3,0.447,0.451,0.182,0.7,18.6,0.082
148,2008,NBA,1,11,IND,Jerryd Bayless,19.315,G,us,Arizona,2009,2019,586,21.3,8.4,2.1,2.9,0.6,0.1,0.411,0.436,0.361,0.818,18.6,0.072
149,2007,NBA,2,37,POR,Josh McRoberts,20.125,F,us,Duke,2008,2018,433,19.1,5.4,3.9,2.1,0.5,0.4,0.463,0.514,0.34,0.705,18.5,0.107
150,2009,NBA,1,12,CHA,Gerald Henderson,21.204,G,us,Duke,2010,2017,535,25.9,11.2,3.2,1.9,0.7,0.3,0.44,0.46,0.327,0.793,18.3,0.063
151,2013,NBA,1,24,NYK,Tim Hardaway,21.108,G,us,Michigan,2014,2020,455,26.2,13.3,2.6,1.9,0.6,0.1,0.42,0.488,0.351,0.815,18.3,0.074
152,2009,NBA,1,28,MIN,Wayne Ellington,21.214,G,us,UNC,2010,2020,673,21,8.1,2.2,1.1,0.5,0.1,0.409,0.446,0.378,0.846,18.1,0.061
153,2014,NBA,2,38,DET,Spencer Dinwiddie,21.086,G,us,Colorado,2015,2020,306,25.6,12.7,2.7,4.9,0.7,0.3,0.411,0.479,0.319,0.793,17.7,0.108
154,2015,NBA,2,40,MIA,Josh Richardson,21.288,G,us,Tennessee,2016,2020,300,30.7,12.4,3.2,2.9,1.1,0.7,0.427,0.472,0.364,0.816,17.6,0.092
155,2014,NBA,1,14,PHO,T.J. Warren,20.299,F,us,NC State,2015,2020,313,28.5,15.1,4.1,1.2,1,0.5,0.503,0.533,0.348,0.773,17.5,0.094
156,2014,NBA,1,19,CHI,Gary Harris,19.29,G,us,Michigan State,2015,2020,358,28.9,12.1,2.6,2.1,1.2,0.2,0.453,0.519,0.357,0.805,17.5,0.081
157,2012,NBA,2,49,ORL,Kyle O'Quinn,22.1,F-C,us,Norfolk State,2013,2020,465,14.2,5.5,4.6,1.3,0.4,1,0.517,0.538,0.228,0.741,17.4,0.126
158,2013,NBA,1,5,PHO,Alex Len,20.016,C,ua,Maryland,2014,2020,452,19.8,8,6.3,0.9,0.4,1,0.493,0.511,0.33,0.69,17.3,0.093
159,2012,NBA,1,17,DAL,Tyler Zeller,22.168,F-C,us,UNC,2013,2019,412,17.6,7,4.4,0.9,0.3,0.6,0.509,0.512,0.286,0.764,17.1,0.113
160,2014,NBA,1,23,UTA,Rodney Hood,21.254,G-F,us,Duke,2015,2020,341,27.3,12.5,2.9,1.9,0.8,0.2,0.426,0.467,0.372,0.839,17.1,0.088
161,2014,NBA,1,30,SAS,Kyle Anderson,20.284,F-G,us,UCLA,2015,2020,348,19.4,5.3,3.9,1.9,1,0.5,0.493,0.525,0.3,0.699,17.1,0.122
162,2015,NBA,2,37,PHI,Richaun Holmes,21.258,F-C,us,Bowling Green,2016,2020,263,18.7,8.4,5,0.9,0.6,1,0.584,0.62,0.257,0.727,16.9,0.166
163,2010,NBA,2,40,IND,Lance Stephenson,19.297,G-F,us,Cincinnati,2011,2019,508,23.4,8.6,4.2,2.9,0.7,0.1,0.444,0.494,0.315,0.685,16.7,0.068
164,2009,NBA,1,8,NYK,Jordan Hill,21.339,C-F,us,Arizona,2010,2017,409,18.8,7.9,5.8,0.8,0.4,0.7,0.497,0.499,0.136,0.699,16.4,0.102
165,2014,NBA,1,16,CHI,Jusuf Nurki_,19.312,C,ba,,2015,2019,310,22.9,11.6,8,1.9,0.8,1.3,0.491,0.498,0.071,0.666,16.4,0.111
166,2016,NBA,2,36,MIL,Malcolm Brogdon,23.2,G,us,Virginia,2017,2020,228,28.6,13.5,3.7,4.3,0.9,0.2,0.473,0.512,0.389,0.898,16.3,0.12
167,2013,NBA,1,17,ATL,Dennis Schröder,19.29,G,de,,2014,2020,485,25.4,14,2.8,4.6,0.8,0.1,0.435,0.473,0.336,0.828,16.2,0.063
168,2010,NBA,1,19,BOS,Avery Bradley,19.215,G,us,Texas,2011,2020,561,28.3,11.8,2.9,1.8,1,0.2,0.437,0.472,0.365,0.779,15.8,0.048
169,2012,NBA,1,11,POR,Meyers Leonard,20.127,C-F,us,Illinois,2013,2020,442,16,5.6,3.9,0.9,0.2,0.3,0.483,0.549,0.392,0.813,15.7,0.106
170,2013,NBA,1,20,CHI,Tony Snell,21.235,G-F,us,New Mexico,2014,2020,492,22.4,6.4,2.3,1.1,0.5,0.2,0.428,0.486,0.387,0.832,15.7,0.068
171,2008,NBA,1,2,MIA,Michael Beasley,19.173,F,us,Kansas State,2009,2019,609,22.8,12.4,4.7,1.3,0.6,0.5,0.465,0.481,0.349,0.759,15.6,0.054
172,2016,NBA,1,7,DEN,Jamal Murray,19.125,G,ca,Kentucky,2017,2020,283,29.1,15.5,3.6,3.6,0.9,0.3,0.438,0.489,0.359,0.882,15.6,0.091
173,2011,NBA,1,12,UTA,Alec Burks,19.343,G,us,Colorado,2012,2020,478,21.9,10.2,3.2,1.8,0.6,0.2,0.42,0.442,0.359,0.79,15.5,0.071
174,2016,NBA,1,9,TOR,Jakob Pöltl,20.257,C,at,Utah,2017,2020,267,16.3,5.4,4.7,1,0.4,1,0.639,0.639,0.5,0.547,15.5,0.171
175,2012,NBA,1,21,BOS,Jared Sullinger,20.121,F,us,Ohio State,2013,2017,269,24.3,10.8,7.5,1.8,0.7,0.6,0.436,0.476,0.272,0.723,15.3,0.113
176,2015,NBA,1,13,PHO,Devin Booker,18.242,G,us,Kentucky,2016,2020,324,33.4,22.2,3.6,4.6,0.8,0.3,0.447,0.491,0.355,0.868,15.3,0.068
177,2015,NBA,1,4,NYK,Kristaps Porzi__is,19.332,F-C,lv,,2016,2020,228,30.9,17.9,7.5,1.4,0.7,2,0.433,0.467,0.358,0.799,15.2,0.103
178,2014,NBA,1,1,CLE,Andrew Wiggins,19.128,F-G,ca,Kansas,2015,2020,445,35.8,19.7,4.3,2.3,1,0.6,0.442,0.471,0.334,0.734,15.1,0.045
179,2010,NBA,2,35,WAS,Nemanja Bjelica,22.051,F,rs,,2016,2020,323,21.5,8,4.7,1.7,0.7,0.4,0.466,0.529,0.398,0.774,15,0.104
180,2012,NBA,2,43,ATL,Mike Scott,23.353,F,us,Virginia,2013,2020,491,16.4,7,3.1,0.9,0.3,0.1,0.457,0.524,0.36,0.763,14.9,0.089
181,2012,NBA,1,18,HOU,Terrence Jones,20.176,F,us,Kentucky,2013,2019,234,23.8,10.4,5.7,1,0.6,1.2,0.501,0.539,0.297,0.621,14.7,0.127
182,2014,NBA,1,10,PHI,Elfrid Payton,20.129,G,us,LA-Lafayette,2015,2020,378,29.3,11,4.4,6.6,1.3,0.4,0.452,0.478,0.295,0.624,14.6,0.063
183,2011,NBA,2,55,BOS,E'Twaun Moore,22.123,G-F,us,Purdue,2012,2020,557,21.5,8.2,2,1.8,0.7,0.2,0.456,0.489,0.39,0.734,14.3,0.057
184,2007,NBA,1,24,PHO,Rudy Fernández,22.09,G,es,,2009,2012,249,24,9.1,2.4,2.2,1,0.2,0.399,0.463,0.36,0.84,14.2,0.114
185,2007,NBA,1,20,MIA,Jason Smith,21.123,F-C,us,Colorado State,2008,2019,616,16.3,6.1,3.4,0.7,0.3,0.7,0.468,0.479,0.333,0.783,14.1,0.067
186,2011,NBA,1,2,MIN,Derrick Williams,20.034,F,us,Arizona,2012,2018,428,20.7,8.9,4,0.7,0.5,0.3,0.434,0.484,0.3,0.71,14.1,0.076
187,2015,NBA,1,20,TOR,Delon Wright,23.065,G,us,Utah,2016,2020,251,19.6,7.4,3,2.8,1,0.4,0.449,0.497,0.339,0.791,14,0.137
188,2009,NBA,2,44,DET,Chase Budinger,21.039,F,us,Arizona,2010,2016,407,19.7,7.9,3,1.2,0.5,0.2,0.43,0.486,0.352,0.797,13.9,0.083
189,2011,NBA,2,50,PHI,Lavoy Allen,22.144,F-C,us,Temple,2012,2017,388,17.8,4.8,4.8,1,0.3,0.6,0.471,0.474,0.133,0.682,13.8,0.096
190,2012,NBA,2,32,WAS,Tomá_ Satoransk_,20.247,G,cz,,2017,2020,265,23,7.4,3,4,0.9,0.2,0.476,0.52,0.378,0.818,13.8,0.108
191,2013,NBA,2,31,CLE,Allen Crabbe,21.084,G-F,us,California,2014,2020,380,24,9.1,2.8,1.1,0.6,0.3,0.425,0.471,0.387,0.831,13.8,0.073
192,2014,NBA,2,33,CLE,Joe Harris,22.299,G,us,Virginia,2015,2020,314,24,10.1,3.1,1.6,0.5,0.2,0.474,0.538,0.423,0.787,13.8,0.087
193,2014,NBA,2,46,WAS,Jordan Clarkson,22.024,G,us,Missouri,2015,2020,435,27.1,14.8,3.2,2.6,0.9,0.1,0.447,0.5,0.342,0.818,13.8,0.056
194,2013,NBA,2,50,ATL,James Ennis,23.002,F,us,Cal State Long Beach,2015,2020,329,19.8,6.4,3.2,0.9,0.6,0.3,0.455,0.534,0.356,0.791,13.6,0.1
195,2011,NBA,2,40,MIL,Jon Leuer,22.045,F,us,Wisconsin,2012,2019,377,15.8,6.4,3.8,0.8,0.4,0.3,0.484,0.52,0.328,0.767,13.2,0.107
196,2014,NBA,1,11,DEN,Doug McDermott,22.18,F,us,Creighton,2015,2020,396,20,8.2,2.2,0.8,0.2,0.1,0.464,0.505,0.412,0.822,13.1,0.08
197,2014,NBA,1,12,ORL,Dario _ari_,20.084,F,hr,,2017,2020,288,26.6,12.2,6.2,2.1,0.6,0.2,0.434,0.496,0.352,0.837,13.1,0.082
198,2016,NBA,1,3,BOS,Jaylen Brown,19.247,F-G,us,California,2017,2020,266,25.9,12.7,4.4,1.4,0.8,0.3,0.471,0.527,0.369,0.68,13,0.09
199,2011,NBA,1,17,NYK,Iman Shumpert,21.002,G,us,Georgia Tech,2012,2020,459,25,7.2,3.3,1.8,1.1,0.3,0.392,0.438,0.338,0.764,12.9,0.054
200,2013,NBA,2,44,DAL,Mike Muscala,22.002,F-C,us,Bucknell,2014,2020,344,15.5,5.6,3.2,0.9,0.4,0.5,0.461,0.545,0.364,0.839,12.9,0.116
201,2014,NBA,1,2,MIL,Jabari Parker,19.108,F,us,Duke,2015,2020,279,29.3,15.1,5.8,2.1,0.9,0.4,0.492,0.529,0.324,0.738,12.9,0.075
202,2013,NBA,1,26,MIN,Andre Roberson,21.211,G-F,us,Colorado,2014,2018,295,22.5,4.6,4,0.9,0.9,0.7,0.482,0.609,0.257,0.467,12.7,0.092
203,2010,NBA,1,28,MEM,Greivis Vásquez,23.165,G,ve,Maryland,2011,2017,401,23.7,9,2.5,4.8,0.6,0.1,0.418,0.456,0.349,0.817,12.6,0.064
204,2016,NBA,1,6,NOP,Buddy Hield,23.194,G,bs,Oklahoma,2017,2020,298,28,15.9,4.2,2.2,0.8,0.3,0.443,0.475,0.41,0.864,12.6,0.072
205,2015,NBA,1,9,CHO,Frank Kaminsky,22.087,F-C,us,Wisconsin,2016,2020,314,22.2,9.9,4.1,1.7,0.5,0.4,0.423,0.474,0.349,0.749,12.4,0.085
206,2008,NBA,1,27,NOH,Darrell Arthur,20.098,F,us,Kansas,2009,2018,503,17.8,6.5,3.5,0.8,0.6,0.6,0.444,0.46,0.352,0.765,12.3,0.066
207,2011,NBA,2,42,IND,D_vis Bert_ns,18.227,F,lv,,2017,2020,264,18.2,7.7,2.7,1.1,0.4,0.4,0.442,0.529,0.41,0.854,12.3,0.123
208,2014,NBA,1,13,MIN,Zach LaVine,19.113,G,us,UCLA,2015,2020,348,30.7,17.5,3.6,3.6,0.9,0.3,0.447,0.483,0.377,0.824,12.2,0.055
209,2009,NBA,1,29,LAL,Toney Douglas,23.107,G,us,Florida State,2010,2017,394,19.1,7.6,2.2,2.3,0.9,0.1,0.404,0.448,0.354,0.824,12.1,0.077
210,2015,NBA,1,15,ATL,Kelly Oubre,19.203,F,us,Kansas,2016,2020,345,24,10.8,4.1,0.9,0.9,0.5,0.432,0.504,0.33,0.781,12.1,0.07
211,2015,NBA,1,16,BOS,Terry Rozier,21.105,G,us,Louisville,2016,2020,325,22.3,9.3,3.7,2.6,0.8,0.2,0.391,0.416,0.363,0.808,12.1,0.08
212,2015,NBA,1,23,POR,Rondae Hollis-Jefferson,20.178,F,us,Arizona,2016,2020,277,23,9.5,5.7,1.9,1,0.5,0.448,0.472,0.215,0.737,11.9,0.089
213,2008,NBA,1,13,POR,Brandon Rush,22.36,G-F,us,Kansas,2009,2017,481,22,6.8,2.9,1,0.5,0.5,0.426,0.447,0.402,0.706,11.2,0.051
214,2011,NBA,1,8,DET,Brandon Knight,19.208,G,us,Kentucky,2012,2020,438,29.5,14.1,3.1,4,0.9,0.2,0.411,0.445,0.352,0.807,11.2,0.041
215,2013,NBA,1,9,MIN,Trey Burke,20.232,G,us,Michigan,2014,2020,386,22.9,10.5,2,3.5,0.6,0.1,0.41,0.446,0.343,0.798,11.1,0.06
216,2015,NBA,1,24,CLE,Tyus Jones,19.05,G,us,Duke,2016,2020,301,17.9,5.4,1.5,3.5,1,0.1,0.431,0.473,0.343,0.813,10.8,0.096
217,2010,NBA,1,4,MIN,Wesley Johnson,22.354,F-G,us,Syracuse,2011,2019,609,22.1,7,3.2,1.1,0.8,0.7,0.404,0.46,0.337,0.741,10.7,0.038
218,2012,NBA,1,10,NOH,Austin Rivers,19.336,G,us,Duke,2013,2020,534,24.5,9.1,2.1,2.3,0.7,0.2,0.417,0.462,0.346,0.641,10.7,0.039
219,2012,NBA,1,26,IND,Miles Plumlee,23.306,C-F,us,Duke,2013,2019,346,16.4,4.9,4.5,0.5,0.4,0.7,0.542,0.542,,0.543,10.6,0.09
220,2015,NBA,2,46,MIL,Norman Powell,22.036,G,us,UCLA,2016,2020,293,18.3,8.2,2.3,1.3,0.7,0.2,0.454,0.524,0.358,0.815,10.6,0.095
221,2010,NBA,2,39,NYK,Landry Fields,22.002,F,us,Stanford,2011,2015,255,23.6,6.8,4.3,1.6,0.8,0.2,0.473,0.52,0.332,0.666,10.5,0.084
222,2013,NBA,1,23,IND,Solomon Hill,22.107,F,us,Arizona,2014,2020,353,22.1,5.9,3.2,1.6,0.7,0.2,0.397,0.448,0.338,0.798,10.5,0.064
223,2010,NBA,1,6,GSW,Ekpe Udoh,23.041,C-F,us,Baylor,2011,2019,384,14.8,3.5,2.9,0.7,0.5,1.1,0.453,0.455,0,0.718,10.4,0.088
224,2010,NBA,1,15,MIL,Larry Sanders,21.22,C-F,us,Virginia Commonwealth,2011,2017,238,19.5,6.4,5.7,0.7,0.6,1.8,0.48,0.481,0,0.553,10.3,0.107
225,2011,NBA,2,34,WAS,Shelvin Mack,21.067,G,us,Butler,2012,2019,456,18.4,6.6,2,3.1,0.7,0.1,0.423,0.47,0.33,0.731,10.3,0.059
226,2015,NBA,1,22,CHI,Bobby Portis,20.14,F,us,Arkansas,2016,2020,304,20.3,10.1,6,1.2,0.5,0.3,0.453,0.487,0.358,0.751,10.3,0.08
227,2015,NBA,1,30,GSW,Kevon Looney,19.144,F-C,us,UCLA,2016,2020,219,13.9,4.4,3.7,0.9,0.5,0.6,0.577,0.597,0.182,0.596,10.3,0.163
228,2013,NBA,1,25,LAC,Reggie Bullock,22.109,G-F,us,UNC,2014,2020,293,19.7,7,2.1,1.1,0.5,0.1,0.43,0.492,0.386,0.831,10.2,0.085
229,2011,NBA,2,33,DET,Kyle Singler,23.055,F,us,Duke,2013,2018,356,21.9,6.5,2.9,0.8,0.6,0.3,0.418,0.458,0.362,0.786,10,0.062
230,2016,NBA,2,32,LAL,Ivica Zubac,19.102,C,ba,,2017,2020,195,15.6,7.2,5.3,0.9,0.2,0.8,0.558,0.561,0,0.751,9.9,0.156
231,2010,NBA,1,26,OKC,Quincy Pondexter,22.111,G-F,us,Washington,2011,2019,355,15.6,4.5,1.8,0.7,0.3,0.1,0.423,0.475,0.356,0.746,9.7,0.084
232,2010,NBA,1,11,NOH,Cole Aldrich,21.241,C,us,Kansas,2011,2018,339,10,3.1,3.3,0.5,0.4,0.7,0.527,0.527,,0.738,9.6,0.135
233,2015,NBA,1,12,UTA,Trey Lyles,19.237,F,ca,Kentucky,2016,2020,342,17.7,7.3,4.2,1.1,0.4,0.3,0.431,0.497,0.334,0.704,9.6,0.076
234,2014,NBA,1,9,CHH,Noah Vonleh,18.311,F,us,Indiana,2015,2020,329,17.2,5,5.3,0.8,0.4,0.4,0.459,0.5,0.31,0.692,9.3,0.079
235,2015,NBA,2,41,BRK,Pat Connaughton,22.175,G,us,Notre Dame,2016,2020,266,15.5,4.7,2.7,1.2,0.3,0.3,0.442,0.555,0.343,0.78,9.1,0.106
236,2016,NBA,1,2,LAL,Brandon Ingram,18.299,F,us,Duke,2017,2020,237,32.1,16.1,5.1,3.2,0.7,0.6,0.462,0.492,0.36,0.716,9.1,0.057
237,2012,NBA,1,4,CLE,Dion Waiters,20.206,G,us,Syracuse,2013,2020,412,28.3,13.2,2.7,2.8,0.9,0.3,0.412,0.442,0.348,0.692,8.7,0.036
238,2012,NBA,2,37,TOR,Quincy Acy,21.271,F-C,us,Baylor,2013,2019,337,16,4.9,3.5,0.6,0.4,0.4,0.444,0.506,0.35,0.759,8.7,0.078
239,2013,NBA,1,14,UTA,Shabazz Muhammad,20.231,F-G,us,UCLA,2014,2018,278,17.2,9,2.8,0.5,0.3,0.1,0.473,0.51,0.319,0.751,8.5,0.085
240,2015,NBA,1,19,WAS,Jerian Grant,22.264,G,us,Notre Dame,2016,2019,273,18,6.1,1.9,2.9,0.7,0.1,0.412,0.465,0.324,0.771,8.3,0.081
241,2010,NBA,2,55,UTA,Jeremy Evans,22.249,F,us,Western Kentucky,2011,2018,250,10.5,3.5,2.6,0.4,0.4,0.5,0.569,0.583,0.231,0.687,8.2,0.15
242,2015,NBA,1,2,LAL,D'Angelo Russell,19.127,G,us,Ohio State,2016,2020,307,28.9,17.3,3.7,5.2,1.1,0.2,0.421,0.468,0.358,0.768,8.2,0.044
243,2015,NBA,2,35,PHI,Willy Hernangómez,21.034,C,es,,2017,2020,202,14.3,6.9,5.4,1,0.4,0.4,0.53,0.547,0.337,0.681,8.2,0.136
244,2014,NBA,1,24,CHH,Shabazz Napier,22.353,G,us,UConn,2015,2020,329,16.9,6.8,1.9,2.4,0.8,0.1,0.395,0.444,0.345,0.815,8,0.069
245,2015,NBA,1,10,MIA,Justise Winslow,19.095,F,us,Duke,2016,2020,241,28.4,9,5.4,2.7,0.9,0.4,0.417,0.447,0.337,0.646,7.8,0.054
246,2008,NBA,1,20,CHA,Alexis Ajinça,20.056,C-F,fr,,2009,2017,293,13.3,5.3,3.9,0.5,0.3,0.6,0.503,0.51,0.286,0.797,7.5,0.093
247,2007,NBA,1,1,POR,Greg Oden,19.162,C,us,Ohio State,2009,2014,105,19.3,8,6.2,0.5,0.4,1.2,0.574,0.574,,0.658,7.3,0.174
248,2010,NBA,1,16,MIN,Luke Babbitt,21.009,F,us,Nevada,2011,2018,381,14,4.8,2.2,0.6,0.2,0.2,0.408,0.417,0.402,0.747,7.2,0.065
249,2014,NBA,1,27,PHO,Bogdan Bogdanovi_,21.317,G,rs,,2018,2020,191,27.9,13.2,3.2,3.5,1,0.2,0.431,0.482,0.372,0.802,7.2,0.064
250,2011,NBA,1,20,MIN,Donatas Motiej_nas,20.281,F-C,lt,,2013,2019,251,18.2,7.3,3.8,1.1,0.5,0.3,0.469,0.529,0.3,0.597,7.1,0.075
251,2013,NBA,1,7,SAC,Ben McLemore,20.141,G,us,Kansas,2014,2020,422,23.7,9,2.4,1.1,0.7,0.2,0.419,0.477,0.359,0.78,7.1,0.034
252,2014,NBA,2,40,MIN,Glenn Robinson,20.174,G-F,us,Michigan,2015,2020,269,17.4,5.9,2.6,0.8,0.5,0.2,0.457,0.499,0.374,0.761,7,0.072
253,2013,NBA,2,39,POR,Jeff Withey,23.118,C,us,Kansas,2014,2018,206,10.1,3.2,2.5,0.3,0.3,0.8,0.525,0.537,0.143,0.716,6.8,0.157
254,2013,NBA,1,11,PHI,Michael Carter-Williams,21.266,G,us,Syracuse,2014,2020,347,25.4,10.5,4.4,4.5,1.3,0.6,0.401,0.435,0.252,0.706,6.4,0.035
255,2015,NBA,1,3,PHI,Jahlil Okafor,19.197,C-F,us,Duke,2016,2020,217,20.4,11,5,1,0.3,0.9,0.536,0.539,0.235,0.674,6.4,0.069
256,2009,NBA,2,31,SAC,Jeff Ayres,22.063,F,us,Arizona State,2010,2016,237,9.8,2.9,2.7,0.4,0.2,0.3,0.553,0.554,0.4,0.776,6.3,0.131
257,2010,NBA,1,27,NJN,Jordan Crawford,21.249,G,us,Xavier,2011,2018,281,24.4,12.2,2.5,3.1,0.7,0.1,0.411,0.458,0.317,0.826,6.3,0.044
258,2007,NBA,2,49,CHI,Aaron Gray,22.208,C,us,Pitt,2008,2014,318,12.1,3.4,3.7,0.7,0.3,0.3,0.509,0.511,0,0.562,6.2,0.077
259,2016,NBA,1,10,MIL,Thon Maker,19.123,F-C,ss,,2017,2020,247,13.9,4.6,2.7,0.6,0.4,0.7,0.436,0.514,0.327,0.674,6.2,0.087
260,2016,NBA,2,33,LAC,Cheick Diallo,19.288,F,ml,Kansas,2017,2020,171,12.3,5.4,4.3,0.4,0.3,0.4,0.601,0.603,0.333,0.767,6.2,0.143
261,2007,NBA,1,14,LAC,Al Thornton,23.209,F,us,Florida State,2008,2011,296,28,11.9,4.2,1.2,0.6,0.5,0.452,0.467,0.293,0.747,6.1,0.035
262,2013,NBA,1,16,BOS,Lucas Nogueira,20.341,C,br,,2015,2018,141,12.4,3.2,2.8,0.5,0.6,1,0.632,0.681,0.265,0.64,6,0.165
263,2010,NBA,1,17,CHI,Kevin Séraphin,20.204,F,gf,,2011,2017,423,15.2,5.9,3.5,0.6,0.2,0.7,0.489,0.491,0,0.715,5.9,0.044
264,2012,NBA,1,30,GSW,Festus Ezeli,22.256,C,ng,Vanderbilt,2013,2016,170,14.1,4.2,4.3,0.4,0.3,1,0.513,0.513,,0.557,5.9,0.119
265,2012,NBA,2,46,NOH,Darius Miller,22.105,F,us,Kentucky,2013,2019,253,20.4,6,1.7,1.4,0.4,0.2,0.418,0.495,0.382,0.83,5.9,0.055
266,2016,NBA,1,20,IND,Caris LeVert,21.308,G-F,us,Michigan,2017,2020,196,25.1,11.7,3.6,3.4,1,0.3,0.43,0.48,0.337,0.707,5.9,0.057
267,2008,NBA,1,14,GSW,Anthony Randolph,18.351,F,de,LSU,2009,2014,252,15.2,7.1,4.3,0.7,0.6,0.9,0.453,0.466,0.241,0.74,5.8,0.072
268,2016,NBA,1,19,DEN,Malik Beasley,19.214,G,us,Florida State,2017,2020,209,16.6,7.6,1.8,0.9,0.5,0.1,0.443,0.509,0.384,0.809,5.8,0.08
269,2016,NBA,1,12,UTA,Taurean Waller-Prince,22.099,F,us,Baylor,2017,2020,249,26.4,11.6,4.3,2,0.9,0.4,0.416,0.46,0.371,0.816,5.6,0.041
270,2016,NBA,1,29,SAS,Dejounte Murray,19.282,G,us,Washington,2017,2020,169,19.5,7.7,4.7,2.8,1.1,0.3,0.458,0.471,0.351,0.735,5.6,0.082
271,2016,NBA,1,15,DEN,Juan Hernangómez,20.274,F,es,,2017,2020,194,15.4,4.9,3.2,0.6,0.4,0.2,0.423,0.512,0.352,0.745,5.5,0.089
272,2008,NBA,2,40,NJN,Chris Douglas-Roberts,21.175,G,us,Memphis,2009,2015,222,19.7,7.1,2.1,1.1,0.6,0.2,0.439,0.465,0.329,0.831,5.4,0.059
273,2015,NBA,1,18,HOU,Sam Dekker,21.055,F,us,Wisconsin,2016,2019,200,15.5,5.5,3,0.8,0.5,0.2,0.478,0.57,0.288,0.606,5.4,0.083
274,2009,NBA,2,36,MEM,Sam Young,24.03,F,us,Pitt,2010,2013,249,15.9,5.8,2.3,0.7,0.5,0.2,0.442,0.468,0.28,0.742,5.2,0.063
275,2013,NBA,2,47,ATL,Raul Neto,21.044,G,br,,2016,2020,243,13.6,4.6,1.3,1.8,0.5,0.1,0.443,0.481,0.377,0.776,5.2,0.075
276,2013,NBA,2,55,MEM,Joffrey Lauvergne,21.276,C-F,fr,,2015,2018,208,13.6,5.6,3.8,0.9,0.3,0.2,0.479,0.52,0.285,0.719,5.2,0.089
277,2008,NBA,2,47,WAS,Henry Walker,20.266,F,us,Kansas State,2009,2015,181,16.7,6,2.2,0.8,0.5,0.1,0.446,0.56,0.369,0.76,5,0.079
278,2013,NBA,2,32,OKC,Álex Abrines,19.335,G-F,es,,2017,2019,174,16,5.3,1.4,0.5,0.5,0.1,0.387,0.443,0.368,0.88,5,0.086
279,2007,NBA,1,21,PHI,Daequan Cook,20.066,G,us,Ohio State,2008,2013,328,18.3,6.4,2.1,0.7,0.4,0.1,0.369,0.383,0.359,0.813,4.9,0.039
280,2016,NBA,1,8,SAC,Marquese Chriss,18.361,F,us,Washington,2017,2020,247,19.1,7.8,4.7,1,0.7,0.8,0.45,0.526,0.292,0.659,4.9,0.049
281,2009,NBA,1,2,MEM,Hasheem Thabeet,22.135,C,tz,UConn,2010,2014,224,10.5,2.2,2.7,0.1,0.3,0.8,0.567,0.567,,0.578,4.8,0.099
282,2009,NBA,1,25,OKC,Rodrigue Beaubois,21.127,G,gp,,2010,2013,182,15.9,7.1,1.9,2.1,0.7,0.3,0.439,0.5,0.325,0.81,4.8,0.079
283,2009,NBA,2,52,IND,A.J. Price,22.267,G,us,UConn,2010,2015,261,15.1,5.8,1.4,2.2,0.5,0,0.38,0.439,0.316,0.742,4.7,0.058
284,2012,NBA,1,5,SAC,Thomas Robinson,21.109,F,us,Kansas,2013,2017,313,13.4,4.9,4.8,0.6,0.5,0.4,0.47,0.472,0,0.505,4.6,0.053
285,2015,NBA,1,21,DAL,Justin Anderson,21.223,G,us,Virginia,2016,2020,219,13.1,5.3,2.5,0.7,0.4,0.3,0.418,0.522,0.3,0.776,4.6,0.077
286,2009,NBA,1,15,DET,Austin Daye,21.025,F,us,Gonzaga,2010,2015,293,14.1,5.2,2.6,0.7,0.4,0.4,0.402,0.433,0.351,0.778,4.5,0.053
287,2009,NBA,2,40,CHA,Derrick Brown,21.296,F,us,Xavier,2010,2012,171,14.9,5.2,2.4,0.7,0.5,0.2,0.515,0.528,0.317,0.637,4.5,0.085
288,2013,NBA,1,18,ATL,Shane Larkin,20.273,G,us,Miami (FL),2014,2018,256,19.1,5.5,1.9,2.9,0.9,0.1,0.422,0.454,0.336,0.777,4.4,0.044
289,2016,NBA,1,28,PHO,Skal Labissière,20.102,F,ht,Kentucky,2017,2020,148,17.5,7.2,4.5,1,0.4,0.7,0.492,0.507,0.353,0.748,4.4,0.082
290,2013,NBA,2,34,HOU,Isaiah Canaan,22.043,G,us,Murray State,2014,2019,235,20.4,8.1,1.9,1.9,0.6,0.1,0.371,0.404,0.351,0.836,4.3,0.043
291,2016,NBA,1,30,GSW,Damian Jones,20.364,F-C,us,Vanderbilt,2017,2020,100,14.3,4.7,3.1,0.6,0.4,0.7,0.669,0.681,0.25,0.676,4.3,0.144
292,2007,NBA,2,47,WAS,Dominic McGuire,21.256,F,us,Fresno State,2008,2013,342,15.6,2.7,3.4,1.2,0.5,0.5,0.419,0.423,0.188,0.658,4.1,0.037
293,2016,NBA,2,38,MIL,Patrick McCaw,20.247,G,us,UNLV,2017,2020,188,16.9,3.9,1.6,1.4,0.7,0.2,0.424,0.509,0.311,0.784,4.1,0.063
294,2011,NBA,1,6,WAS,Jan Vesel_,21.065,F,cz,,2012,2014,162,15.2,3.6,3.5,0.6,0.7,0.5,0.521,0.523,0,0.408,4,0.078
295,2007,NBA,1,13,NOK,Julian Wright,20.044,F,us,Kansas,2008,2011,231,13.2,3.9,2.3,0.8,0.6,0.3,0.499,0.519,0.262,0.584,3.9,0.061
296,2016,NBA,1,5,MIN,Kris Dunn,22.103,G,us,Providence,2017,2020,227,24.3,8.3,3.3,4.2,1.5,0.4,0.422,0.456,0.306,0.726,3.9,0.034
297,2008,NBA,1,29,DET,D.J. White,21.305,F,us,Indiana,2009,2014,138,15.3,5.9,3.2,0.6,0.3,0.4,0.507,0.507,0.333,0.72,3.8,0.087
298,2012,NBA,1,19,ORL,Andrew Nicholson,22.208,F,ca,St. Bonaventure,2013,2017,285,14.3,6,3,0.4,0.3,0.3,0.467,0.498,0.321,0.773,3.8,0.045
299,2014,NBA,1,8,SAC,Nik Stauskas,20.267,G,ca,Michigan,2015,2019,335,19.9,6.8,2.1,1.5,0.4,0.2,0.389,0.436,0.353,0.814,3.8,0.028
300,2009,NBA,2,38,POR,Jon Brockman,22.103,F,us,Washington,2010,2012,150,10.5,2.1,3.1,0.3,0.2,0.1,0.488,0.49,0,0.618,3.7,0.113
301,2012,NBA,2,45,PHI,Justin Hamilton,22.094,C,us,LSU,2014,2017,113,17.4,6.1,3.6,0.8,0.5,0.6,0.464,0.56,0.309,0.798,3.7,0.091
302,2016,NBA,2,31,BOS,Deyonta Davis,19.208,C-F,us,Michigan State,2017,2019,107,12.1,4.2,3.2,0.4,0.2,0.6,0.599,0.601,0,0.635,3.6,0.131
303,2015,NBA,2,31,MIN,Cedi Osman,20.083,F,mk,,2018,2020,191,24.5,9.5,3.5,1.9,0.7,0.2,0.439,0.507,0.363,0.714,3.5,0.036
304,2016,NBA,1,14,CHI,Denzel Valentine,22.225,G,us,Michigan State,2017,2020,164,21,7.6,3.7,2.1,0.7,0.1,0.4,0.439,0.371,0.77,3.5,0.05
305,2016,NBA,1,23,BOS,Ante _i_i_,19.175,F-C,hr,,2018,2020,107,13.6,6,4.1,0.6,0.2,0.4,0.582,0.582,,0.722,3.5,0.115
306,2009,NBA,1,20,UTA,Eric Maynor,22.02,G,us,Virginia Commonwealth,2010,2014,267,14.6,4.3,1.3,2.8,0.4,0.1,0.392,0.409,0.35,0.721,3.3,0.041
307,2010,NBA,1,20,SAS,James Anderson,21.096,G-F,us,Oklahoma State,2011,2016,247,17.5,5.8,2.3,1.2,0.5,0.2,0.411,0.495,0.321,0.755,3.3,0.037
308,2011,NBA,1,25,BOS,MarShon Brooks,22.153,G-F,us,Providence,2012,2019,200,17.3,8,2.1,1.4,0.6,0.2,0.447,0.478,0.345,0.751,3.3,0.046
309,2015,NBA,1,8,DET,Stanley Johnson,19.031,F,us,Arizona,2016,2020,302,20.7,6.6,3.3,1.4,0.9,0.2,0.373,0.43,0.291,0.764,3.2,0.024
310,2015,NBA,1,25,MEM,Jarell Martin,21.037,F,us,LSU,2016,2019,184,15.9,5.4,3.5,0.6,0.4,0.4,0.434,0.457,0.346,0.766,3.2,0.053
311,2015,NBA,2,44,PHO,Andrew Harrison,20.245,G,us,Kentucky,2017,2019,145,20.6,7,2,2.8,0.7,0.3,0.373,0.422,0.294,0.779,3.2,0.051
312,2016,NBA,1,26,PHI,Furkan Korkmaz,18.339,G,tr,,2018,2020,116,16.5,7.1,2.1,0.9,0.5,0.1,0.418,0.5,0.366,0.75,3.2,0.08
313,2007,NBA,1,6,MIL,Yi Jianlian,19.249,F,cn,,2008,2012,272,22.2,7.9,4.9,0.7,0.5,0.7,0.404,0.413,0.333,0.78,3.1,0.025
314,2007,NBA,1,17,NJN,Sean Williams,20.293,C-F,us,Boston College,2008,2012,137,14.4,4.2,3.4,0.3,0.3,1.2,0.511,0.512,0,0.624,3,0.073
315,2011,NBA,1,26,DAL,Jordan Hamilton,20.265,G-F,us,Texas,2012,2016,151,13.9,5.9,2.8,0.8,0.5,0.2,0.408,0.451,0.357,0.67,3,0.069
316,2011,NBA,1,28,CHI,Norris Cole,22.258,G,us,Cleveland State University,2012,2017,360,22.3,7,2,2.7,0.8,0.1,0.407,0.436,0.324,0.743,3,0.018
317,2012,NBA,1,23,ATL,John Jenkins,21.12,G,us,Vanderbilt,2013,2019,171,12.8,5,1.5,0.8,0.2,0.1,0.441,0.503,0.367,0.847,3,0.065
318,2013,NBA,2,48,LAL,Ryan Kelly,22.085,F,us,Duke,2014,2017,163,19.2,6,3.1,1.3,0.5,0.5,0.378,0.416,0.316,0.797,3,0.046
319,2008,NBA,2,33,POR,Joey Dorsey,24.199,F,us,Memphis,2009,2015,130,11.4,2.6,3.9,0.4,0.5,0.3,0.534,0.536,0,0.375,2.9,0.092
320,2009,NBA,1,14,PHO,Earl Clark,21.165,F,us,Louisville,2010,2015,261,13.9,4.4,3,0.5,0.3,0.5,0.403,0.424,0.328,0.664,2.9,0.038
321,2014,NBA,1,5,UTA,Dante Exum,18.353,G,au,,2015,2020,236,18.5,5.7,1.8,2.1,0.4,0.2,0.405,0.483,0.304,0.764,2.9,0.032
322,2016,NBA,2,47,ORL,Jake Layman,22.114,F,us,Maryland,2017,2020,155,13.6,5.2,1.9,0.6,0.4,0.3,0.458,0.575,0.31,0.703,2.9,0.066
323,2015,NBA,1,5,ORL,Mario Hezonja,20.125,F-G,hr,,2016,2020,316,18.6,7,3.1,1.3,0.7,0.2,0.414,0.48,0.318,0.812,2.8,0.023
324,2009,NBA,2,45,MIN,Nick Calathes,20.143,G,us,Florida,2014,2015,129,15.6,4.6,1.9,2.7,1,0.1,0.441,0.476,0.288,0.581,2.6,0.063
325,2016,NBA,2,50,IND,Georges Niang,23.012,F,us,Iowa State,2017,2020,139,9.3,3.9,1.4,0.5,0.2,0.1,0.446,0.528,0.393,0.84,2.6,0.096
326,2009,NBA,2,53,SAS,Nando De Colo,22.008,G,fr,,2013,2014,119,11.9,3.8,1.8,1.7,0.5,0.1,0.429,0.463,0.363,0.835,2.4,0.081
327,2012,NBA,2,60,LAL,Robert Sacre,23.028,C,us,Gonzaga,2013,2016,189,14.5,4.2,3.1,0.7,0.3,0.6,0.436,0.437,0,0.671,2.4,0.042
328,2016,NBA,1,24,PHI,Timothé Luwawu-Cabarrot,21.051,F,fr,,2017,2020,199,15.5,5.6,1.9,0.8,0.4,0.1,0.389,0.455,0.329,0.815,2.4,0.038
329,2011,NBA,1,18,WAS,Chris Singleton,21.219,F,us,Florida State,2012,2014,148,17.6,4.1,3.2,0.6,0.8,0.4,0.376,0.4,0.319,0.633,2.3,0.042
330,2011,NBA,1,10,MIL,Jimmer Fredette,22.123,G,us,BYU,2012,2019,241,13.3,6,1,1.4,0.4,0,0.409,0.434,0.372,0.879,2.2,0.033
331,2015,NBA,1,14,OKC,Cameron Payne,20.326,G,us,Murray State,2016,2019,153,16,6,1.8,2.5,0.7,0.2,0.397,0.443,0.331,0.775,2.2,0.044
332,2011,NBA,2,45,NOH,Josh Harrellson,22.136,C,us,Kentucky,2012,2014,75,11.8,3.5,3,0.3,0.4,0.5,0.438,0.497,0.347,0.629,2.1,0.116
333,2013,NBA,2,36,SAC,Ray McCallum,22.021,G,us,Detroit Mercy,2014,2016,154,18.2,6,2,2.4,0.5,0.2,0.408,0.43,0.335,0.711,2.1,0.035
334,2012,NBA,2,33,CLE,Bernard James,27.148,C,us,Florida State,2013,2015,92,8.3,2.2,2.3,0.1,0.2,0.7,0.497,0.507,0,0.68,1.9,0.117
335,2012,NBA,2,58,MIN,Robbie Hummel,23.118,F,us,Purdue,2014,2015,98,14.3,3.9,2.7,0.5,0.3,0.1,0.418,0.469,0.343,0.867,1.9,0.066
336,2008,NBA,2,60,BOS,Semih Erden,21.339,C,tr,,2011,2012,69,13.4,3.8,2.8,0.4,0.4,0.4,0.546,0.546,,0.594,1.8,0.094
337,2014,NBA,2,58,SAS,Jordan McRae,23.096,G,us,Tennessee,2016,2020,117,13.6,6.8,1.8,1.4,0.4,0.3,0.424,0.45,0.367,0.777,1.8,0.054
338,2010,NBA,2,44,MIL,Jerome Jordan,23.274,C,jm,Tulsa,2012,2015,65,7.6,2.8,2,0.3,0.1,0.3,0.528,0.528,,0.852,1.7,0.168
339,2012,NBA,1,27,MIA,Arnett Moultrie,21.228,F,us,Mississippi State,2013,2014,59,12.4,3.6,3.1,0.2,0.4,0.2,0.547,0.547,,0.667,1.7,0.113
340,2012,NBA,1,28,OKC,Perry Jones,20.283,F,us,Baylor,2013,2015,143,11.7,3.4,1.8,0.4,0.3,0.2,0.42,0.466,0.293,0.66,1.7,0.048
341,2007,NBA,1,11,ATL,Acie Law,22.159,G,us,Texas A&M,2008,2011,188,12.7,3.9,1,1.6,0.4,0,0.413,0.452,0.235,0.778,1.6,0.032
342,2011,NBA,2,53,ORL,DeAndre Liggins,23.089,G,us,Kentucky,2012,2018,177,10.8,2,1.4,0.7,0.6,0.2,0.402,0.432,0.352,0.549,1.6,0.04
343,2008,NBA,1,28,MEM,Donté Greene,20.131,F,de,Syracuse,2009,2012,253,16.8,6.1,2.4,0.7,0.4,0.5,0.406,0.467,0.304,0.701,1.5,0.017
344,2008,NBA,2,38,CHA,Kyle Weaver,22.134,G,us,Washington State,2009,2011,73,18.9,5,2.2,1.6,0.8,0.5,0.441,0.497,0.353,0.736,1.5,0.051
345,2016,NBA,2,58,BOS,Abdel Nader,22.277,F,eg,Iowa State,2018,2020,148,12.2,4.1,1.7,0.5,0.3,0.2,0.41,0.476,0.336,0.711,1.5,0.039
346,2012,NBA,2,36,SAC,Orlando Johnson,23.115,G,us,UC Santa Barbara,2013,2016,103,10.8,3.2,1.7,0.7,0.2,0.1,0.358,0.398,0.311,0.727,1.4,0.059
347,2012,NBA,2,53,LAC,Furkan Aldemir,20.329,F-C,tr,,2015,2015,41,13.2,2.3,4.3,0.7,0.4,0.4,0.513,0.548,0,0.481,1.4,0.122
348,2008,NBA,2,52,MIA,Darnell Jackson,22.237,F,us,Kansas,2009,2011,138,7.5,2.2,1.5,0.2,0.2,0.1,0.449,0.463,0.235,0.644,1.3,0.059
349,2011,NBA,2,36,NJN,Jordan Williams,20.26,F,us,Maryland,2012,2012,43,14.8,4.6,3.6,0.3,0.5,0.3,0.507,0.507,,0.652,1.3,0.101
350,2012,NBA,2,31,CHA,Jeffery Taylor,23.042,F,se,Vanderbilt,2013,2015,132,19.4,6.1,2,0.8,0.5,0.2,0.409,0.458,0.319,0.665,1.3,0.024
351,2014,NBA,1,18,PHO,Tyler Ennis,19.311,G,ca,Syracuse,2015,2018,186,12.6,4.2,1.3,1.9,0.5,0.1,0.419,0.458,0.317,0.768,1.3,0.026
352,2014,NBA,1,20,TOR,Bruno Caboclo,18.283,F,br,,2015,2020,91,13.2,4.4,2.6,0.8,0.3,0.6,0.395,0.475,0.319,0.831,1.3,0.053
353,2014,NBA,1,21,OKC,Mitch McGary,22.025,F-C,us,Michigan,2015,2016,52,10.7,4.4,3.5,0.3,0.3,0.3,0.527,0.544,0,0.58,1.3,0.108
354,2014,NBA,2,32,PHI,K.J. McDaniels,21.142,G-F,us,Clemson,2015,2017,148,14.1,5.3,2.2,0.6,0.5,0.6,0.412,0.479,0.29,0.776,1.3,0.03
355,2013,NBA,1,29,OKC,Archie Goodwin,18.319,G,us,Kentucky,2014,2017,165,14.5,6.3,2,1.2,0.4,0.2,0.429,0.484,0.236,0.7,1.1,0.022
356,2014,NBA,2,44,MIN,Markel Brown,22.154,G,us,Oklahoma State,2015,2018,113,15.9,5.2,2.1,1.2,0.6,0.2,0.38,0.427,0.295,0.781,1.1,0.029
357,2016,NBA,1,16,BOS,Guerschon Yabusele,20.194,F,fr,,2018,2019,74,6.6,2.3,1.4,0.4,0.2,0.2,0.442,0.548,0.323,0.682,1.1,0.105
358,2010,NBA,1,29,ORL,Daniel Orton,19.327,C-F,us,Kentucky,2012,2014,51,10.6,2.8,2.5,0.5,0.4,0.5,0.485,0.49,0,0.597,1,0.093
359,2012,NBA,1,13,PHO,Kendall Marshall,20.319,G,us,UNC,2013,2016,160,19.3,5,1.6,4.9,0.7,0.1,0.399,0.422,0.37,0.611,1,0.015
360,2016,NBA,1,21,ATL,DeAndre' Bembry,21.36,F,us,Saint Joseph's,2017,2020,189,19.4,6.2,3.4,1.9,1,0.4,0.448,0.513,0.269,0.592,1,0.014
361,2007,NBA,2,38,PHI,Kyrylo Fesenko,20.191,C,ua,,2008,2012,135,8.2,2.3,2,0.3,0.1,0.4,0.496,0.5,0,0.41,0.9,0.038
362,2010,NBA,2,52,BOS,Luke Harangody,22.179,F,us,Notre Dame,2011,2012,70,12.4,3.6,2.8,0.5,0.3,0.3,0.376,0.44,0.241,0.737,0.9,0.048
363,2013,NBA,2,38,WAS,Nate Wolters,22.049,G,us,South Dakota State,2014,2018,84,18.8,5.5,2.2,2.5,0.5,0.2,0.423,0.452,0.261,0.635,0.9,0.028
364,2014,NBA,1,26,MIA,P.J. Hairston,21.189,G-F,us,UNC,2015,2016,111,18,6,2.4,0.5,0.5,0.2,0.343,0.414,0.295,0.81,0.9,0.021
365,2014,NBA,2,60,SAS,Cory Jefferson,23.188,F,us,Baylor,2015,2016,58,10,3.5,2.8,0.3,0.2,0.4,0.444,0.474,0.125,0.583,0.9,0.071
366,2007,NBA,2,34,DAL,Nick Fazekas,22.016,F,us,Nevada,2008,2008,26,10.3,4.1,3.4,0.4,0.3,0.4,0.561,0.575,0,0.682,0.8,0.148
367,2008,NBA,2,48,PHO,Malik Hairston,21.129,G,us,Oregon,2009,2010,62,7.6,2.4,1.2,0.5,0.2,0.3,0.512,0.549,0.167,0.514,0.8,0.086
368,2010,NBA,1,12,MEM,Xavier Henry,19.106,G,be,Kansas,2011,2015,185,15.7,5.7,1.9,0.6,0.5,0.1,0.406,0.419,0.325,0.635,0.8,0.013
369,2013,NBA,1,19,CLE,Sergey Karasev,19.249,G-F,ru,,2014,2016,95,11.7,3,1.5,0.9,0.3,0,0.395,0.489,0.282,0.842,0.8,0.036
370,2014,NBA,1,17,BOS,James Young,18.319,G-F,us,Kentucky,2015,2018,95,8.5,2.3,1,0.3,0.3,0.1,0.367,0.534,0.277,0.563,0.8,0.046
371,2007,NBA,2,41,MIN,Chris Richard,22.19,F,us,Florida,2008,2010,70,11.1,1.9,2.8,0.4,0.3,0.2,0.483,0.483,,0.605,0.7,0.045
372,2010,NBA,1,22,POR,Elliot Williams,21.009,G,us,Memphis,2012,2016,109,13.5,4.9,1.5,0.9,0.4,0.1,0.421,0.489,0.31,0.669,0.7,0.024
373,2010,NBA,2,41,MIA,Jarvis Varnado,22.12,F,us,Mississippi State,2013,2014,37,10.7,2.9,1.9,0.4,0.3,0.8,0.582,0.582,,0.518,0.7,0.089
374,2014,NBA,1,29,OKC,Josh Huestis,22.195,F,us,Stanford,2016,2018,76,14.1,2.5,2.4,0.3,0.2,0.6,0.346,0.4,0.312,0.24,0.7,0.03
375,2009,NBA,1,24,DAL,Byron Mullens,20.136,C,us,Ohio State,2010,2014,189,18.2,7.4,4.2,0.8,0.4,0.5,0.408,0.438,0.319,0.706,0.6,0.008
376,2014,NBA,2,35,UTA,Jarnell Stokes,20.175,F-C,us,Tennessee,2015,2017,28,5.4,2.4,1.4,0.3,0.3,0.2,0.581,0.581,,0.531,0.6,0.202
377,2015,NBA,1,29,BRK,Chris McCullough,20.145,F,us,Syracuse,2016,2018,59,9,3.3,1.9,0.3,0.5,0.3,0.426,0.47,0.306,0.548,0.6,0.054
378,2015,NBA,2,48,OKC,Dakari Johnson,19.281,C,us,Kentucky,2018,2018,31,5.2,1.8,1.1,0.3,0.2,0.3,0.564,0.564,,0.55,0.6,0.178
379,2008,NBA,1,8,MIL,Joe Alexander,21.188,F,tw,West Virginia,2009,2010,67,11.1,4.2,1.8,0.7,0.2,0.4,0.41,0.426,0.34,0.698,0.5,0.03
380,2010,NBA,2,32,MIA,Dexter Pittman,22.119,C,us,Texas,2011,2014,50,6.9,2.3,1.8,0.2,0.2,0.2,0.45,0.45,,0.545,0.5,0.068
381,2010,NBA,2,43,LAL,Devin Ebanks,20.244,F,us,West Virginia,2011,2013,63,11.3,3.6,1.9,0.4,0.3,0.2,0.385,0.418,0.222,0.722,0.5,0.035
382,2011,NBA,2,44,GSW,Charles Jenkins,22.12,G,us,Hofstra,2012,2013,110,12.1,3.7,0.9,1.9,0.4,0.1,0.434,0.449,0.182,0.754,0.5,0.017
383,2011,NBA,2,52,DET,Vernon Macklin,24.282,F,us,Florida,2012,2012,23,5.9,2,1.5,0.2,0.2,0.2,0.543,0.543,,0.571,0.5,0.161
384,2013,NBA,1,1,CLE,Anthony Bennett,20.11,F,ca,UNLV,2014,2017,151,12.6,4.4,3.1,0.5,0.4,0.2,0.392,0.427,0.261,0.67,0.5,0.013
385,2015,NBA,2,33,BOS,Jordan Mickey,20.356,F,us,LSU,2016,2018,64,7.5,2.4,2,0.3,0.1,0.4,0.449,0.496,0.118,0.605,0.5,0.05
386,2015,NBA,2,36,MIN,Rakeem Christmas,23.212,F,us,Syracuse,2016,2017,30,7.5,2.1,1.9,0.1,0.1,0.2,0.467,0.467,,0.724,0.5,0.105
387,2016,NBA,2,34,PHO,Tyler Ulis,20.175,G,us,Kentucky,2017,2019,133,20.9,7.5,1.7,4,0.9,0.1,0.403,0.439,0.28,0.808,0.5,0.008
388,2007,NBA,1,29,PHO,Alando Tucker,23.143,F,us,Wisconsin,2008,2010,51,8.4,4.1,1,0.3,0.1,0,0.423,0.453,0.294,0.783,0.4,0.045
389,2007,NBA,2,32,BOS,Gabe Pruitt,21.075,G,us,USC,2008,2009,62,7.4,2,0.8,0.8,0.3,0,0.321,0.35,0.283,0.783,0.4,0.043
390,2011,NBA,2,43,CHI,Malcolm Lee,21.037,G,us,UCLA,2012,2015,36,14.8,3.9,1.8,1.4,0.6,0.3,0.382,0.412,0.294,0.703,0.4,0.04
391,2014,NBA,1,22,MEM,Jordan Adams,19.358,G,us,UCLA,2015,2016,32,8.2,3.2,0.9,0.6,0.6,0.2,0.402,0.409,0.385,0.607,0.4,0.07
392,2015,NBA,1,28,BOS,R.J. Hunter,21.249,G,us,Georgia State University,2016,2019,45,8.8,3,1,0.4,0.4,0.1,0.371,0.523,0.295,0.818,0.4,0.051
393,2015,NBA,2,43,IND,Joe Young,23.003,G,us,Oregon,2016,2018,127,8.5,3.4,1,0.9,0.3,0,0.393,0.438,0.296,0.768,0.4,0.016
394,2016,NBA,1,4,PHO,Dragan Bender,18.223,F,ba,,2017,2020,178,20,5.2,3.7,1.2,0.3,0.6,0.396,0.515,0.323,0.647,0.4,0.005
395,2016,NBA,1,13,PHO,Georgios Papagiannis,18.36,C,gr,,2017,2018,39,12.2,4.1,3.2,0.7,0.2,0.6,0.514,0.521,0,0.857,0.4,0.044
396,2007,NBA,2,46,GSW,Stéphane Lasme,24.199,F,ga,UMass,2008,2008,16,18.9,5.2,3.3,0.2,0.8,1.4,0.451,0.451,,0.594,0.3,0.041
397,2010,NBA,1,25,MEM,Dominique Jones,21.257,G,us,South Florida,2011,2013,80,9.3,3.1,1.4,1.8,0.4,0.1,0.366,0.393,0.095,0.729,0.3,0.017
398,2010,NBA,2,58,LAL,Derrick Caracter,22.056,F,us,Texas-El Paso,2011,2011,41,5.2,2,1,0.2,0.1,0.2,0.485,0.485,,0.739,0.3,0.057
399,2011,NBA,2,39,CHA,Jeremy Tyler,20.007,C,us,,2012,2014,104,9.9,3.6,2.6,0.2,0.2,0.4,0.45,0.451,0,0.557,0.3,0.014
400,2012,NBA,2,48,NYK,Kostas Papanikolaou,21.338,F,gr,,2015,2016,69,15.8,3.6,2.3,1.5,0.6,0.3,0.354,0.416,0.297,0.688,0.3,0.015
401,2015,NBA,2,38,DET,Darrun Hilliard,22.078,G,us,Villanova,2016,2018,91,9.4,3.2,0.9,0.8,0.2,0,0.377,0.42,0.304,0.747,0.3,0.016
402,2016,NBA,1,18,DET,Henry Ellenson,19.166,F,us,Marquette,2017,2020,81,9.2,4,2.4,0.5,0.2,0,0.372,0.394,0.343,0.774,0.3,0.018
403,2016,NBA,2,52,UTA,Joel Bolomboy,22.152,F,ua,Weber State,2017,2018,18,5.1,1.7,1.5,0.1,0.2,0.1,0.545,0.647,0.2,0.5,0.3,0.132
404,2008,NBA,2,41,IND,Nathan Jawai,21.265,C-F,au,,2009,2010,45,9.6,2.8,2.4,0.5,0.2,0.2,0.435,0.439,0,0.684,0.2,0.02
405,2008,NBA,2,56,SEA,Sasha Kaun,23.055,C,ru,Kansas,2016,2016,25,3.8,0.9,1,0.1,0.2,0.2,0.529,0.529,,0.455,0.2,0.096
406,2009,NBA,1,22,POR,Victor Claver,20.304,F,es,,2013,2015,80,13.4,3.2,2.2,0.7,0.4,0.2,0.398,0.489,0.293,0.585,0.2,0.011
407,2009,NBA,2,32,WAS,Jermaine Taylor,22.205,G,us,Central Florida,2010,2011,65,12.1,5.4,1.7,0.7,0.4,0.1,0.441,0.484,0.284,0.73,0.2,0.014
408,2009,NBA,2,58,BOS,Lester Hudson,24.328,G,us,University of Tennessee at Martin,2010,2015,57,10.4,4.7,1.4,1.2,0.6,0.1,0.375,0.441,0.277,0.806,0.2,0.016
409,2010,NBA,1,30,WAS,Lazar Hayward,23.216,F,us,Marquette,2011,2013,72,8.2,2.9,1.3,0.5,0.2,0.1,0.347,0.395,0.269,0.767,0.2,0.02
410,2010,NBA,2,54,LAC,Willie Warren,20.25,G,us,Oklahoma,2011,2011,19,7.1,1.9,0.6,1.4,0.3,0,0.371,0.4,0.333,0.75,0.2,0.065
411,2011,NBA,1,27,NJN,JaJuan Johnson,22.14,F,us,Purdue,2012,2012,36,8.3,3.2,1.6,0.2,0.1,0.4,0.446,0.446,,0.667,0.2,0.032
412,2012,NBA,1,24,CLE,Jared Cunningham,21.043,G,us,Oregon State,2013,2016,84,7.2,2.3,0.7,0.5,0.3,0,0.347,0.369,0.306,0.674,0.2,0.017
413,2012,NBA,2,44,DET,Kim English,23.283,G,us,Missouri,2013,2013,41,9.9,2.9,0.9,0.6,0.4,0.1,0.375,0.452,0.28,0.724,0.2,0.021
414,2012,NBA,2,52,GSW,Ognjen Kuzmi_,22.049,C,ba,,2014,2015,37,4.4,0.9,1,0.2,0.1,0.1,0.52,0.52,,0.6,0.2,0.061
415,2013,NBA,2,37,DET,Tony Mitchell,21.086,F,us,University of North Texas,2014,2014,21,3.8,1,1.2,0.1,0.3,0.1,0.417,0.364,1,0.579,0.2,0.151
416,2014,NBA,2,36,MIL,Johnny O'Bryant,21.03,F-C,us,LSU,2015,2018,147,11.5,3.5,2.4,0.5,0.2,0.1,0.402,0.406,0.36,0.663,0.2,0.006
417,2014,NBA,2,43,ATL,Edy Tavares,22.101,C,cv,,2016,2017,13,7.8,2.5,2.5,0.3,0.1,0.9,0.625,0.625,,0.273,0.2,0.118
418,2014,NBA,2,51,NYK,Thanasis Antetokounmpo,21.348,F,gr,,2016,2020,17,3.9,2.1,0.5,0.4,0.1,0.1,0.593,0.696,0,0.444,0.2,0.124
419,2016,NBA,2,45,BOS,Demetrius Jackson,21.295,G,us,Notre Dame,2017,2019,26,5.2,1.8,0.7,0.7,0.3,0,0.486,0.609,0.286,0.667,0.2,0.087
420,2016,NBA,2,60,UTA,Tyrone Wallace,22.019,G,us,California,2018,2020,106,15.5,5.2,2.2,1.2,0.5,0.2,0.425,0.463,0.203,0.671,0.2,0.006
421,2007,NBA,1,19,LAL,Javaris Crittenton,19.184,G,us,Georgia Tech,2008,2009,113,16.4,5.3,2.4,1.8,0.5,0.1,0.442,0.466,0.231,0.638,0.1,0.002
422,2007,NBA,2,42,POR,Derrick Byars,23.069,F,us,Vanderbilt,2012,2012,2,18.5,5,5.5,0.5,1,0,0.273,0.6,0,1,0.1,0.147
423,2008,NBA,1,30,BOS,J.R. Giddens,23.139,G,us,New Mexico,2009,2010,38,6.5,1.9,1.4,0.3,0.3,0.1,0.476,0.566,0,0.565,0.1,0.027
424,2010,NBA,2,57,IND,Ryan Reid,23.243,F,us,Florida State,2012,2012,5,3.4,1.6,0.4,0,0,0,0.8,0.8,,,0.1,0.142
425,2011,NBA,2,47,LAC,Travis Leslie,21.091,G,us,Georgia,2012,2012,10,4.5,1.4,0.9,0.5,0.2,0.2,0.357,0.357,,0.444,0.1,0.06
426,2012,NBA,2,42,MIL,Doron Lamb,20.24,G,us,Kentucky,2013,2014,100,12.7,3.5,1,0.8,0.2,0,0.381,0.372,0.394,0.7,0.1,0.005
427,2013,NBA,2,46,UTA,Erick Green,22.055,G,us,Virginia Tech,2015,2016,52,8.7,3.1,0.7,0.8,0.3,0,0.377,0.415,0.288,0.857,0.1,0.011
428,2014,NBA,1,28,LAC,C.J. Wilcox,23.184,G,us,Washington,2015,2017,66,5.7,2,0.5,0.5,0.2,0.1,0.37,0.397,0.333,0.813,0.1,0.007
429,2014,NBA,2,48,MIL,Lamar Patterson,22.324,G-F,us,Pitt,2016,2017,40,10.9,2.3,1.4,1.1,0.3,0.1,0.326,0.45,0.236,0.72,0.1,0.006
430,2014,NBA,2,55,MIA,Semaj Christon,21.242,G,us,Xavier,2017,2017,64,15.2,2.9,1.4,2,0.4,0.1,0.345,0.406,0.19,0.548,0.1,0.006
431,2016,NBA,1,25,LAC,Brice Johnson,22.002,F,us,UNC,2017,2018,21,5.1,2.2,1.6,0.1,0.5,0.3,0.449,0.458,0,0.6,0.1,0.062
432,2016,NBA,2,37,HOU,Chinanu Onuaku,19.239,F-C,us,Louisville,2017,2018,6,12.3,3,2.3,0.7,0.5,0.2,0.583,0.583,,1,0.1,0.043
433,2007,NBA,1,25,UTA,Morris Almond,22.151,G,us,Rice University,2008,2012,38,9.5,3.1,1.2,0.3,0.3,0.1,0.381,0.404,0.292,0.743,0,0.005
434,2007,NBA,2,36,GSW,Jermareo Davidson,22.23,F,us,Alabama,2008,2009,52,8.3,3.1,1.8,0.3,0.2,0.3,0.425,0.425,,0.578,0,0
435,2007,NBA,2,51,CHI,JamesOn Curry,21.177,G,us,Oklahoma State,2010,2010,1,0,0,0,0,0,0,,,,,0,
436,2008,NBA,2,39,CHI,Sonny Weems,21.359,G-F,us,Arkansas,2009,2016,183,18.2,6.5,2.2,1.4,0.5,0.2,0.465,0.487,0.283,0.702,0,0.001
437,2008,NBA,2,42,SAC,Sean Singletary,22.299,G,us,Virginia,2009,2009,37,8.2,2.4,0.9,0.8,0.3,0,0.365,0.35,0.4,0.857,0,0.006
438,2008,NBA,2,58,LAL,Joe Crawford,22.015,F,us,Kentucky,2009,2009,2,11.5,4.5,2,0.5,0.5,0,0.3,0.333,0.25,1,0,0.037
439,2009,NBA,2,48,PHO,Taylor Griffin,23.074,F,us,Oklahoma,2010,2010,8,4,1.3,0.3,0.1,0,0.3,0.4,0.5,0,0.5,0,-0.039
440,2010,NBA,1,24,ATL,Damion James,22.266,G-F,us,Texas,2011,2014,39,16,3.8,3.4,0.7,0.6,0.5,0.415,0.433,0,0.667,0,-0.001
441,2010,NBA,2,46,PHO,Gani Lawal,21.234,F,us,Georgia Tech,2011,2011,1,2,0,0,0,0,0,,,,,0,-0.009
442,2010,NBA,2,50,DAL,Solomon Alabi,22.1,C,ng,Florida State,2011,2012,26,7,1.5,2.3,0.2,0.2,0.4,0.314,0.314,,0.7,0,0.01
443,2010,NBA,2,53,ATL,Pape Sy,22.085,F,fr,,2011,2011,3,7,2.3,1,0.7,0.3,0,0.333,0.4,0,1,0,-0.047
444,2010,NBA,2,56,MIN,Hamady N'Diaye,23.169,C,sn,Rutgers University,2011,2014,33,4.8,0.6,0.8,0.1,0.1,0.3,0.467,0.467,,0.462,0,0.013
445,2011,NBA,2,37,LAC,Trey Thompkins,21.039,F,us,Georgia,2012,2012,24,5,2.4,1,0.1,0.1,0.1,0.393,0.417,0.308,0.714,0,0.004
446,2011,NBA,2,46,LAL,Andrew Goudelock,22.203,G,us,College of Charleston,2012,2016,49,9.7,4,0.7,0.5,0.2,0,0.393,0.429,0.345,0.875,0,0.003
447,2011,NBA,2,48,ATL,Keith Benson,22.319,C,us,Oakland,2012,2012,3,3,0,1,0,0,0,0,0,,,0,-0.005
448,2012,NBA,1,16,HOU,Royce White,21.085,F,us,Iowa State,2014,2014,3,3,0,0,0,0,0,0,0,,,0,-0.121
449,2012,NBA,1,22,BOS,Fab Melo,22.014,C,br,Syracuse,2013,2013,6,6,1.2,0.5,0,0.3,0.3,0.5,0.5,,0.25,0,0.021
450,2013,NBA,2,33,CLE,Carrick Felix,22.32,G,us,Arizona State,2014,2014,7,5.4,2.7,0.9,0.6,0,0,0.5,0.556,0.4,0.75,0,0.057
451,2013,NBA,2,41,MEM,Jamaal Franklin,21.347,G,us,San Diego State,2014,2015,24,7.3,1.8,1,0.4,0.2,0.1,0.415,0.393,0.462,1,0,-0.006
452,2013,NBA,2,42,PHI,Pierre Jackson,21.308,G,us,Baylor,2017,2017,8,10.5,4.4,1.1,2.4,0.3,0,0.333,0.357,0.273,0.857,0,0.021
453,2015,NBA,2,56,NOP,Branden Dawson,22.149,F,us,Michigan State,2016,2016,6,4.8,0.8,0.7,0,0,0.2,0.4,0.4,,1,0,0.069
454,2016,NBA,2,41,ORL,Stephen Zimmerman,19.292,C,us,UNLV,2017,2017,19,5.7,1.2,1.8,0.2,0.1,0.3,0.323,0.323,,0.6,0,-0.005
455,2016,NBA,2,46,DAL,A.J. Hammons,23.306,C,us,Purdue,2017,2017,22,7.4,2.2,1.6,0.2,0,0.6,0.405,0.375,0.5,0.45,0,-0.001
456,2016,NBA,2,48,CHI,Paul Zipser,22.131,G-F,de,,2017,2018,98,17,4.7,2.6,0.8,0.4,0.3,0.371,0.402,0.335,0.769,0,-0.001
457,2016,NBA,2,55,BRK,Marcus Paige,22.291,G,us,UNC,2018,2018,5,5.6,2.4,0.8,0.6,0,0,0.286,0.333,0.25,1,0,-0.006
458,2016,NBA,2,56,DEN,Daniel Hamilton,20.325,G-F,us,UConn,2018,2019,25,9.3,2.8,2.1,1.2,0.3,0,0.394,0.419,0.357,0.5,0,0
459,2007,NBA,2,33,SAS,Marcus Williams,20.227,F,us,Arizona,2008,2009,13,3,1.1,0.9,0.2,0.1,0.1,0.318,0.318,,,-0.1,-0.084
460,2007,NBA,2,40,LAL,Sun Yue,21.239,G,cn,,2009,2009,10,2.8,0.6,0,0.2,0.1,0.1,0.273,0.6,0,,-0.1,-0.226
461,2007,NBA,2,52,POR,Taurean Green,20.217,G,us,Florida,2008,2008,17,4.4,1.6,0.6,0.6,0.1,0,0.28,0.357,0.182,0.917,-0.1,-0.066
462,2008,NBA,2,32,SEA,Walter Sharpe,21.349,F,us,University of Alabama at Birmingham,2009,2009,8,2.5,1,0.4,0,0,0.3,0.364,0.444,0,0,-0.1,-0.131
463,2008,NBA,2,43,SAC,Patrick Ewing,24.043,F,us,Georgetown,2011,2011,7,2.7,0.4,0.3,0.3,0,0.1,0,0,0,0.75,-0.1,-0.158
464,2009,NBA,2,35,DET,DaJuan Summers,21.158,F,us,Georgetown,2010,2013,83,9.9,3.3,1,0.3,0.2,0.1,0.384,0.392,0.367,0.642,-0.1,-0.008
465,2010,NBA,2,31,NJN,Tibor Pleiß,20.239,C,de,,2016,2016,12,6.8,2,1.3,0.2,0.1,0.2,0.44,0.478,0,1,-0.1,-0.041
466,2010,NBA,2,34,POR,Armon Johnson,21.126,G,us,Nevada,2011,2012,47,8.5,3.3,1,1.2,0.2,0,0.458,0.465,0.4,0.679,-0.1,-0.015
467,2011,NBA,2,35,SAC,Tyler Honeycutt,20.348,F,us,UCLA,2012,2013,24,5,1.2,1,0.4,0.2,0.2,0.314,0.333,0.2,0.714,-0.1,-0.049
468,2012,NBA,2,38,DEN,Quincy Miller,19.227,F,us,Baylor,2013,2015,69,13.5,4.3,2.4,0.5,0.4,0.5,0.35,0.383,0.292,0.706,-0.1,-0.003
469,2012,NBA,2,51,BOS,Kris Joseph,23.199,F,ca,Syracuse,2013,2013,10,5.4,0.9,0.7,0.1,0.3,0,0.143,0.182,0,0.625,-0.1,-0.127
470,2013,NBA,2,40,POR,Grant Jerrett,19.359,F,us,Arizona,2015,2015,8,6.4,2,1.1,0.4,0.3,0.3,0.269,0.545,0.067,1,-0.1,-0.128
471,2013,NBA,2,49,CHI,Erik Murphy,22.25,F,fr,Florida,2014,2014,24,2.6,0.3,0.3,0.1,0,0.2,0.231,0.3,0,,-0.1,-0.055
472,2014,NBA,2,31,MIL,Damien Inglis,19.042,F,gf,,2016,2016,20,7.8,1.8,1.6,0.5,0.3,0.2,0.351,0.417,0.231,0.875,-0.1,-0.024
473,2014,NBA,2,42,HOU,Nick Johnson,21.191,G,us,Arizona,2015,2015,28,9.4,2.6,1.4,0.4,0.3,0.1,0.347,0.389,0.238,0.68,-0.1,-0.02
474,2014,NBA,2,49,CHI,Cameron Bairstow,23.207,F-C,au,New Mexico,2015,2016,36,4.6,1.2,1,0.2,0.1,0.1,0.296,0.306,0.2,0.846,-0.1,-0.021
475,2015,NBA,1,7,DEN,Emmanuel Mudiay,19.116,G,cd,,2016,2020,291,24.2,11.1,3,3.9,0.7,0.3,0.4,0.43,0.324,0.741,-0.1,-0.001
476,2016,NBA,1,22,CHO,Malachi Richardson,20.175,G,us,Syracuse,2017,2019,70,8.9,2.8,1,0.3,0.2,0,0.358,0.415,0.301,0.783,-0.1,-0.009
477,2016,NBA,2,40,NOP,Diamond Stone,19.138,C,us,Maryland,2017,2017,7,3.4,1.4,0.9,0,0,0.1,0.231,0.231,,1,-0.1,-0.211
478,2016,NBA,2,49,DET,Michael Gbinije,24.024,G,us,Syracuse,2017,2017,9,3.6,0.4,0.3,0.2,0,0,0.1,0.167,0,1,-0.1,-0.136
479,2016,NBA,2,51,BOS,Ben Bentil,21.092,F,gh,Providence,2017,2017,3,3.3,0,0.7,0,0,0,0,0,0,,-0.1,-0.473
480,2007,NBA,2,53,POR,Demetris Nichols,22.302,F,us,Syracuse,2008,2009,18,3.2,1.2,0.4,0.1,0,0.2,0.281,0.353,0.2,0.5,-0.2,-0.203
481,2007,NBA,2,59,PHO,D.J. Strawberry,22.018,G,us,Maryland,2008,2008,33,8.2,2.2,0.8,0.9,0.4,0.2,0.315,0.343,0.24,0.474,-0.2,-0.031
482,2009,NBA,1,11,NJN,Terrence Williams,22.003,F,us,Louisville,2010,2013,153,19.1,7.1,3.6,2.4,0.5,0.1,0.412,0.432,0.317,0.659,-0.2,-0.004
483,2010,NBA,1,21,OKC,Craig Brackins,22.264,F,us,Iowa State,2011,2012,17,7.1,1.8,1.1,0.5,0.1,0.1,0.265,0.286,0.214,0.5,-0.2,-0.089
484,2010,NBA,2,37,MIL,Darington Hobson,22.274,G,us,New Mexico,2012,2012,5,7.8,0.8,0.6,1.2,0,0,0.154,0.286,0,,-0.2,-0.225
485,2010,NBA,2,38,NYK,Andy Rautins,23.24,G,us,Syracuse,2011,2011,5,4.8,1.6,0.2,0.6,0.2,0,0.429,0.667,0.25,0.5,-0.2,-0.314
486,2012,NBA,2,54,PHI,Tornike Shengelia,20.272,F,ge,,2013,2014,45,5.5,1.3,0.9,0.4,0.1,0,0.451,0.512,0.125,0.5,-0.2,-0.032
487,2013,NBA,2,35,PHI,Glen Rice,22.183,G,us,Georgia Tech,2014,2015,16,9.5,2.7,1.5,0.6,0.4,0.1,0.269,0.286,0.25,0.692,-0.2,-0.065
488,2013,NBA,2,52,MIN,Lorenzo Brown,22.311,G,us,NC State,2014,2019,103,11.5,2.8,1.5,1.8,0.6,0.1,0.364,0.453,0.17,0.707,-0.2,-0.007
489,2013,NBA,2,56,DET,Peyton Siva,22.252,G,us,Louisville,2014,2014,24,9.3,2.3,0.6,1.4,0.4,0,0.316,0.344,0.28,0.733,-0.2,-0.032
490,2014,NBA,2,47,PHI,Russ Smith,23.074,G,us,Louisville,2015,2016,27,4.9,2,0.6,0.7,0.3,0,0.319,0.387,0.188,0.769,-0.2,-0.068
491,2015,NBA,2,34,LAL,Anthony Brown,22.263,F-G,us,Stanford,2016,2018,41,18.6,3.9,2.5,0.7,0.5,0.1,0.328,0.38,0.286,0.85,-0.2,-0.016
492,2016,NBA,2,43,HOU,Zhou Qi,20.164,F-C,cn,,2018,2019,19,6.6,1.3,1.2,0.1,0.1,0.7,0.212,0.357,0.105,0.667,-0.2,-0.093
493,2011,NBA,2,32,CLE,Justin Harper,21.302,F,us,Richmond,2012,2017,22,6.8,2,0.8,0.2,0.1,0.1,0.34,0.417,0.276,0.333,-0.3,-0.093
494,2011,NBA,2,41,LAL,Darius Morris,20.176,G,us,Michigan,2012,2015,132,11.1,3.3,1,1.4,0.3,0,0.384,0.416,0.322,0.63,-0.3,-0.01
495,2012,NBA,2,47,UTA,Kevin Murphy,22.12,G,us,Tennessee Technological University,2013,2013,17,3.1,0.9,0.2,0.1,0.1,0,0.25,0.261,0.2,,-0.3,-0.272
496,2012,NBA,2,55,DAL,Darius Johnson-Odom,22.279,G,us,Marquette,2013,2014,7,3,0,0.9,0.3,0.1,0,0,0,0,0,-0.3,-0.597
497,2014,NBA,2,56,DEN,Devyn Marble,21.283,G-F,us,Iowa,2015,2016,44,10.4,2.2,1.6,0.7,0.5,0.1,0.304,0.377,0.222,0.375,-0.3,-0.028
498,2016,NBA,1,17,MEM,Wade Baldwin,20.091,G,us,Vanderbilt,2017,2019,56,10.3,3.1,1.2,1.4,0.4,0.2,0.355,0.383,0.25,0.776,-0.3,-0.028
499,2008,NBA,2,55,POR,Mike Taylor,22.162,G,us,Iowa State,2009,2009,51,15.1,5.7,1.7,2.1,0.7,0,0.412,0.427,0.325,0.691,-0.4,-0.028
500,2009,NBA,1,30,CLE,Christian Eyenga,20.008,F,cd,,2011,2012,51,20.6,6.3,2.7,0.8,0.7,0.6,0.411,0.464,0.277,0.611,-0.4,-0.02
501,2013,NBA,1,30,PHO,Nemanja Nedovi_,22.017,G,rs,,2014,2014,24,5.9,1.1,0.6,0.5,0,0,0.205,0.238,0.167,0.875,-0.4,-0.132
502,2016,NBA,2,54,ATL,Kay Felder,21.092,G,us,Oakland,2017,2018,58,9.1,3.8,1,1.3,0.4,0.1,0.364,0.385,0.268,0.754,-0.4,-0.041
503,2013,NBA,2,43,MIL,Ricky Ledo,20.295,G,us,Providence,2014,2015,28,9.9,3.9,1.4,0.8,0.3,0,0.336,0.321,0.371,0.769,-0.6,-0.096
504,2014,NBA,1,15,ATL,Adreian Payne,23.133,F-C,us,Michigan State,2015,2018,107,13.1,4,2.9,0.6,0.4,0.3,0.406,0.43,0.254,0.68,-0.6,-0.019
505,2014,NBA,2,34,NYK,Cleanthony Early,23.076,F,us,Wichita State,2015,2016,56,14.3,4.3,2.2,0.8,0.5,0.3,0.346,0.4,0.263,0.75,-0.6,-0.039
506,2015,NBA,1,17,MIL,Rashad Vaughn,18.317,G,us,UNLV,2016,2018,139,12,3,1.1,0.5,0.4,0.2,0.337,0.366,0.313,0.692,-0.6,-0.017
507,2011,NBA,2,49,MEM,Josh Selby,20.093,G,us,Kansas,2012,2013,38,7.8,2.2,0.5,0.9,0.2,0,0.33,0.384,0.143,0.72,-0.7,-0.113
508,2011,NBA,1,21,POR,Nolan Smith,22.338,G,us,Duke,2012,2013,84,9.9,3.3,1,1.2,0.3,0,0.371,0.407,0.26,0.714,-0.8,-0.047
509,2012,NBA,1,29,CHI,Marquis Teague,19.125,G,us,Kentucky,2013,2018,91,10,2.4,1,1.5,0.3,0.1,0.343,0.369,0.222,0.661,-0.9,-0.045
510,2012,NBA,2,41,POR,Tyshawn Taylor,22.083,G,us,Kansas,2013,2014,61,8,2.9,0.5,0.9,0.4,0,0.354,0.353,0.36,0.684,-0.9,-0.088
511,2016,NBA,2,42,UTA,Isaiah Whitehead,21.113,G,us,Seton Hall,2017,2018,89,20.5,7.2,2.4,2.4,0.6,0.4,0.411,0.452,0.305,0.788,-0.9,-0.025
512,2009,NBA,1,6,MIN,Jonny Flynn,20.144,G,us,Syracuse,2010,2012,163,22.9,9.2,1.9,3.9,0.7,0,0.4,0.42,0.338,0.809,-1.1,-0.015
513,2012,NBA,1,25,MEM,Tony Wroten,19.081,G,us,Washington,2013,2016,145,21.2,11.1,2.5,3,0.9,0.2,0.413,0.477,0.231,0.647,-1.3,-0.021
514,2007,NBA,1,30,PHI,Petteri Koponen,19.08,G,fi,,,,,,,,,,,,,,,,
515,2007,NBA,2,39,MIA,Stanko Bara_,20.323,C,ba,,,,,,,,,,,,,,,,
516,2007,NBA,2,43,NOK,Adam Haluska,,,,Iowa,,,,,,,,,,,,,,,
517,2007,NBA,2,44,ORL,Reyshawn Terry,,,,UNC,,,,,,,,,,,,,,,
518,2007,NBA,2,45,LAC,Jared Jordan,,,,Marist College,,,,,,,,,,,,,,,
519,2007,NBA,2,50,DAL,Renaldas Seibutis,21.345,G,lt,,,,,,,,,,,,,,,,
520,2007,NBA,2,54,HOU,Brad Newley,22.135,F-G,au,,,,,,,,,,,,,,,,
521,2007,NBA,2,55,UTA,Herbert Hill,,,,Providence,,,,,,,,,,,,,,,
522,2007,NBA,2,57,DET,Sammy Mejia,,,,DePaul,,,,,,,,,,,,,,,
523,2007,NBA,2,58,SAS,Georgios Printezis,22.131,F,gr,,,,,,,,,,,,,,,,
524,2007,NBA,2,60,DAL,Milovan Rakovi,22.134,C,rs,,,,,,,,,,,,,,,,
525,2008,NBA,2,44,UTA,Ante Tomi,21.135,C,hr,,,,,,,,,,,,,,,,
526,2008,NBA,2,46,SEA,Trent Plaisted,,,,Brigham Young University Hawaii,,,,,,,,,,,,,,,
527,2008,NBA,2,49,GSW,Richard Hendrix,,,,Alabama,,,,,,,,,,,,,,,
528,2008,NBA,2,50,SEA,DeVon Hardin,21.329,C,us,California,,,,,,,,,,,,,,,
529,2008,NBA,2,51,DAL,Shan Foster,,,,Vanderbilt,,,,,,,,,,,,,,,
530,2008,NBA,2,53,UTA,Tadija Dragi_evi_,22.155,F,rs,,,,,,,,,,,,,,,,
531,2008,NBA,2,54,HOU,Maarty Leunen,22.302,F,us,Oregon,,,,,,,,,,,,,,,
532,2008,NBA,2,57,SAS,James Gist,,,,Maryland,,,,,,,,,,,,,,,
533,2008,NBA,2,59,DET,Deron Washington,,,,Virginia Tech,,,,,,,,,,,,,,,
534,2009,NBA,2,34,DEN,Sergio Llull,21.228,G,es,,,,,,,,,,,,,,,,
535,2009,NBA,2,47,MIN,Henk Norel,21.287,F-C,nl,,,,,,,,,,,,,,,,
536,2009,NBA,2,49,ATL,Sergiy Gladyr,19.256,G,ua,,,,,,,,,,,,,,,,
537,2009,NBA,2,50,UTA,Goran Suton,,,,Michigan State,,,,,,,,,,,,,,,
538,2009,NBA,2,51,SAS,Jack McClinton,,,,Miami (FL),,,,,,,,,,,,,,,
539,2009,NBA,2,54,CHA,Robert Vaden,,,,University of Alabama at Birmingham,,,,,,,,,,,,,,,
540,2009,NBA,2,56,DAL,Ahmad Nivins,,,,Saint Joseph's,,,,,,,,,,,,,,,
541,2009,NBA,2,57,PHO,Emir Preld_i_,21.298,F-G,ba,,,,,,,,,,,,,,,,
542,2009,NBA,2,59,LAL,Chinemelu Elonu,22.112,C-F,ng,Texas A&M,,,,,,,,,,,,,,,
543,2009,NBA,2,60,MIA,Robert Dozier,,,,Memphis,,,,,,,,,,,,,,,
544,2010,NBA,2,36,DET,Terrico White,,,,Ole Miss,,,,,,,,,,,,,,,
545,2010,NBA,2,42,MIA,Da'Sean Butler,,,,West Virginia,,,,,,,,,,,,,,,
546,2010,NBA,2,45,MIN,Paulo Prestes,22.135,C,br,,,,,,,,,,,,,,,,
547,2010,NBA,2,47,MIL,Tiny Gallon,,,,Oklahoma,,,,,,,,,,,,,,,
548,2010,NBA,2,48,MIA,Latavious Williams,21.092,F,us,,,,,,,,,,,,,,,,
549,2010,NBA,2,49,SAS,Ryan Richards,19.066,F-C,gb,,,,,,,,,,,,,,,,
550,2010,NBA,2,51,OKC,Magnum Rolle,,,,Louisiana Tech,,,,,,,,,,,,,,,
551,2010,NBA,2,59,ORL,Stanley Robinson,,,,UConn,,,,,,,,,,,,,,,
552,2010,NBA,2,60,PHO,Dwayne Collins,22.077,F,us,Miami (FL),,,,,,,,,,,,,,,
553,2011,NBA,2,51,POR,Jon Diebler,23.006,G,us,Ohio State,,,,,,,,,,,,,,,
554,2011,NBA,2,54,CLE,Milan Ma_van,21.224,F-C,hr,,,,,,,,,,,,,,,,
555,2011,NBA,2,56,LAL,Chukwudiebere Maduabum,20.101,F,ng,,,,,,,,,,,,,,,,
556,2011,NBA,2,57,DAL,Targuy Ngombo,,,,,,,,,,,,,,,,,,,
557,2011,NBA,2,58,LAL,Ater Majok,23.36,F-C,sd,,,,,,,,,,,,,,,,
558,2011,NBA,2,59,SAS,Ádám Hanga,22.077,G,hu,,,,,,,,,,,,,,,,
559,2012,NBA,2,50,DEN,_zzet Türkyılmaz,22.045,C-F,tr,,,,,,,,,,,,,,,,
560,2012,NBA,2,56,TOR,Tomislav Zub_i_,22.178,F,hr,,,,,,,,,,,,,,,,
561,2012,NBA,2,57,NJN,_lkan Karaman,22.052,F,tr,,,,,,,,,,,,,,,,
562,2012,NBA,2,59,SAS,Marcus Denmon,22.106,G,us,Missouri,,,,,,,,,,,,,,,
563,2013,NBA,1,28,SAS,Livio Jean-Charles,19.236,F,gf,,,,,,,,,,,,,,,,
564,2013,NBA,2,45,POR,Marko Todorovi_,21.074,F,me,,,,,,,,,,,,,,,,
565,2013,NBA,2,51,ORL,Romero Osby,,,,Oklahoma,,,,,,,,,,,,,,,
566,2013,NBA,2,53,IND,Colton Iverson,24.004,C,us,Colorado State,,,,,,,,,,,,,,,
567,2013,NBA,2,54,WAS,Arsalan Kazemi,23.072,F,ir,Oregon,,,,,,,,,,,,,,,
568,2013,NBA,2,57,PHO,Alex Oriakhi,23.012,F,us,Missouri,,,,,,,,,,,,,,,
569,2013,NBA,2,58,SAS,Deshaun Thomas,21.308,F,us,Ohio State,,,,,,,,,,,,,,,
570,2013,NBA,2,59,MIN,Bojan Dubljevi_,21.252,F-C,me,,,,,,,,,,,,,,,,
571,2013,NBA,2,60,MEM,J_nis Timma,21,F,lv,,,,,,,,,,,,,,,,
572,2014,NBA,2,37,TOR,DeAndre Daniels,22.077,F,us,UConn,,,,,,,,,,,,,,,
573,2014,NBA,2,50,PHO,Alec Brown,21.343,F-C,us,Green Bay,,,,,,,,,,,,,,,
574,2014,NBA,2,52,PHI,Vasilije Mici_,20.169,G,rs,,,,,,,,,,,,,,,,
575,2014,NBA,2,53,MIN,Alessandro Gentile,21.231,F,it,,,,,,,,,,,,,,,,
576,2014,NBA,2,54,PHI,Nemanja Dangubi_,21.079,G,rs,,,,,,,,,,,,,,,,
577,2014,NBA,2,57,IND,Louis Labeyrie,22.141,F,fr,,,,,,,,,,,,,,,,
578,2014,NBA,2,59,TOR,Xavier Thames,23.164,G,us,San Diego State,,,,,,,,,,,,,,,
579,2015,NBA,1,26,SAS,Nikola Milutinov,20.182,C,rs,,,,,,,,,,,,,,,,
580,2015,NBA,2,39,CHO,Juan Pablo Vaulet,19.099,F,ar,,,,,,,,,,,,,,,,
581,2015,NBA,2,42,UTA,Olivier Hanlan,22.135,G,ca,Boston College,,,,,,,,,,,,,,,
582,2015,NBA,2,45,BOS,Marcus Thornton,22.141,G,us,College of William & Mary,,,,,,,,,,,,,,,
583,2015,NBA,2,47,PHI,Art_ras Gudaitis,22.011,C,lt,,,,,,,,,,,,,,,,
584,2015,NBA,2,49,WAS,Aaron White,22.293,F,us,Iowa,,,,,,,,,,,,,,,
585,2015,NBA,2,50,ATL,Marcus Eriksson,21.207,G,se,,,,,,,,,,,,,,,,
586,2015,NBA,2,51,ORL,Tyler Harvey,21.348,G,us,Eastern Washington,,,,,,,,,,,,,,,
587,2015,NBA,2,52,DAL,Satnam Singh Bhamara,19.202,C,in,,,,,,,,,,,,,,,,
588,2015,NBA,2,53,CLE,Sir'Dominic Pointer,23.055,G-F,us,St. John's,,,,,,,,,,,,,,,
589,2015,NBA,2,54,UTA,Dani Díez de la Faya,22.084,F,es,,,,,,,,,,,,,,,,
590,2015,NBA,2,55,SAS,Cady Lalanne,23.069,C,ht,UMass,,,,,,,,,,,,,,,
591,2015,NBA,2,57,DEN,Nikola Radi_evi_,21.066,G,rs,,,,,,,,,,,,,,,,
592,2015,NBA,2,58,PHI,J.P. Tokoto,21.288,G-F,us,UNC,,,,,,,,,,,,,,,
593,2015,NBA,2,59,ATL,Dimitrios Agravanis,20.192,F-C,gr,,,,,,,,,,,,,,,,
594,2015,NBA,2,60,PHI,Luka Mitrovi_,22.101,F,rs,,,,,,,,,,,,,,,,
595,2016,NBA,2,35,BOS,Rade Zagorac,20.321,G-F,rs,,,,,,,,,,,,,,,,
596,2016,NBA,2,39,NOP,David Michineau,22.023,G,gp,,,,,,,,,,,,,,,,
597,2016,NBA,2,44,ATL,Isaïa Cordinier,19.212,G,fr,,,,,,,,,,,,,,,,
598,2016,NBA,2,53,DEN,Petr Cornelie,20.338,F,fr,,,,,,,,,,,,,,,,
599,2016,NBA,2,57,MEM,Wang Zhelin,22.16,C,cn,,,,,,,,,,,,,,,,
600,2016,NBA,2,59,SAC,Isaiah Cousins,22.108,G,us,Oklahoma,,,,,,,,,,,,,,,